source_algorithm,target_algorithm,n,target_iqr,E,E_recomputed,E_absolute_reproduction_difference,full_range_H,full_range_H_driver,full_range_H_recomputed,full_range_H_absolute_reproduction_difference,common_support_linear_H,common_support_linear_driver,interpretation
acti,adept,8646,1919.4027944454594,0.402173852123114,0.402173852123114,0.0,0.326836552910744,sex,0.326836552910744,0.0,0.3302687017702774,sex,continuous_support_sensitivity_without_acceptability_grade
acti,oak,8646,6887.578571428576,0.1621803430204026,0.16218034302040268,8.326672684688674e-17,0.2422376149418335,age_group,0.24223761494183352,2.7755575615628914e-17,0.2382564572094381,age_group,continuous_support_sensitivity_without_acceptability_grade
acti,scrf,8646,7482.482142857143,0.2063705918579641,0.20637059185796416,5.551115123125783e-17,0.3104461498615042,age_group,0.3104461498615042,0.0,0.2461704464688786,age_group,continuous_support_sensitivity_without_acceptability_grade
acti,scssl,8646,5813.0,0.3102611817644133,0.31026118176441336,5.551115123125783e-17,0.2584581621641114,sex,0.25845816216411144,5.551115123125783e-17,0.282278957192943,sex,continuous_support_sensitivity_without_acceptability_grade
acti,vs,8646,5559.857142857143,0.1987904000917201,0.1987904000917201,0.0,0.1942957736007649,age_group,0.19429577360076491,2.7755575615628914e-17,0.19429577360076491,age_group,continuous_support_sensitivity_without_acceptability_grade
acti,vsrev,8646,6301.767857142858,0.2162259379114645,0.21622593791146455,5.551115123125783e-17,0.358467850098483,age_group,0.35846785009848303,5.551115123125783e-17,0.33481253392162735,age_group,continuous_support_sensitivity_without_acceptability_grade
adept,acti,8646,5482.084523809524,0.3734164448683719,0.37341644486837194,5.551115123125783e-17,0.2811618554498685,age_group,0.28116185544986855,5.551115123125783e-17,0.28116185544986855,age_group,continuous_support_sensitivity_without_acceptability_grade
adept,oak,8646,6887.578571428576,0.3275148455828061,0.32751484558280614,5.551115123125783e-17,0.4287027819880495,age_group,0.4287027819880495,0.0,0.3661914629164892,age_group,continuous_support_sensitivity_without_acceptability_grade
adept,scrf,8646,7482.482142857143,0.3519926112035008,0.35199261120350084,5.551115123125783e-17,0.4375086577904454,age_group,0.43750865779044545,5.551115123125783e-17,0.3576706238383281,age_group,continuous_support_sensitivity_without_acceptability_grade
adept,scssl,8646,5813.0,0.3153045872148338,0.31530458721483384,5.551115123125783e-17,0.2802200038319516,age_group,0.2802200038319516,0.0,0.22802123026103308,age_group,continuous_support_sensitivity_without_acceptability_grade
adept,vs,8646,5559.857142857143,0.3331956212758588,0.3331956212758588,0.0,0.4073782095239247,age_group,0.40737820952392473,5.551115123125783e-17,0.29527753949702384,age_group,continuous_support_sensitivity_without_acceptability_grade
adept,vsrev,8646,6301.767857142858,0.351861053676361,0.351861053676361,0.0,0.5233363639163713,age_group,0.5233363639163713,0.0,0.49079861914083606,age_group,continuous_support_sensitivity_without_acceptability_grade
oak,acti,8646,5482.084523809524,0.1634915998897104,0.1634915998897104,0.0,0.21828043648797,age_group,0.21828043648797002,2.7755575615628914e-17,0.20912213104637115,age_group,continuous_support_sensitivity_without_acceptability_grade
oak,adept,8646,1919.4027944454594,0.3581026933921893,0.35810269339218936,5.551115123125783e-17,0.4816716394564153,age_group,0.48167163945641533,5.551115123125783e-17,0.38018667175858045,sex,continuous_support_sensitivity_without_acceptability_grade
oak,scrf,8646,7482.482142857143,0.1811426729218608,0.18114267292186084,5.551115123125783e-17,0.1415991606976205,bmi_group,0.14159916069762057,8.326672684688674e-17,0.13783053162632586,sex,continuous_support_sensitivity_without_acceptability_grade
oak,scssl,8646,5813.0,0.3059599124104593,0.3059599124104593,0.0,0.3165864980088033,sex,0.3165864980088033,0.0,0.2829911635706426,sex,continuous_support_sensitivity_without_acceptability_grade
oak,vs,8646,5559.857142857143,0.1502622174699366,0.15026221746993668,8.326672684688674e-17,0.204308053890385,age_group,0.204308053890385,0.0,0.14856348962794919,age_group,continuous_support_sensitivity_without_acceptability_grade
oak,vsrev,8646,6301.767857142858,0.1389806653556481,0.13898066535564813,2.7755575615628914e-17,0.1604602083282288,age_group,0.16046020832822883,2.7755575615628914e-17,0.13804284951513046,bmi_group,continuous_support_sensitivity_without_acceptability_grade
scrf,acti,8646,5482.084523809524,0.2021691064963148,0.20216910649631487,5.551115123125783e-17,0.1682585402826935,age_group,0.16825854028269352,2.7755575615628914e-17,0.15679692233909623,age_group,continuous_support_sensitivity_without_acceptability_grade
scrf,adept,8646,1919.4027944454594,0.3676121899104267,0.3676121899104267,0.0,0.3739261169847734,age_group,0.37392611698477346,5.551115123125783e-17,0.3339168180758487,bmi_group,continuous_support_sensitivity_without_acceptability_grade
scrf,oak,8646,6887.578571428576,0.1755568787165475,0.17555687871654752,2.7755575615628914e-17,0.1466154357240069,bmi_group,0.14661543572400698,8.326672684688674e-17,0.1438656266992281,age_group,continuous_support_sensitivity_without_acceptability_grade
scrf,scssl,8646,5813.0,0.2414620542604605,0.24146205426046052,2.7755575615628914e-17,0.3630843224955557,age_group,0.3630843224955557,0.0,0.2774458589834389,age_group,continuous_support_sensitivity_without_acceptability_grade
scrf,vs,8646,5559.857142857143,0.2144677715844188,0.21446777158441888,8.326672684688674e-17,0.1779732677987209,bmi_group,0.1779732677987209,0.0,0.18660186659413164,bmi_group,continuous_support_sensitivity_without_acceptability_grade
scrf,vsrev,8646,6301.767857142858,0.2108664659354425,0.21086646593544256,5.551115123125783e-17,0.1921481987700832,age_group,0.1921481987700832,0.0,0.19803862672700512,age_group,continuous_support_sensitivity_without_acceptability_grade
scssl,acti,8646,5482.084523809524,0.3057816664696054,0.3057816664696054,0.0,0.3580950250086858,age_group,0.35809502500868584,5.551115123125783e-17,0.257018681496285,age_group,continuous_support_sensitivity_without_acceptability_grade
scssl,adept,8646,1919.4027944454594,0.3261274768662308,0.32612747686623084,5.551115123125783e-17,0.2857749249864063,age_group,0.28577492498640633,5.551115123125783e-17,0.2845138312471127,age_group,continuous_support_sensitivity_without_acceptability_grade
scssl,oak,8646,6887.578571428576,0.2984547963945307,0.29845479639453076,5.551115123125783e-17,0.4781670635345681,age_group,0.47816706353456817,5.551115123125783e-17,0.4255068616907496,age_group,continuous_support_sensitivity_without_acceptability_grade
scssl,scrf,8646,7482.482142857143,0.2443137604394309,0.2443137604394309,0.0,0.3870405615201681,age_group,0.3870405615201681,0.0,0.3680332640571019,age_group,continuous_support_sensitivity_without_acceptability_grade
scssl,vs,8646,5559.857142857143,0.2971598849578598,0.29715988495785983,5.551115123125783e-17,0.3602623635937466,age_group,0.36026236359374664,5.551115123125783e-17,0.36026236359374664,age_group,continuous_support_sensitivity_without_acceptability_grade
scssl,vsrev,8646,6301.767857142858,0.3312596287524038,0.33125962875240383,5.551115123125783e-17,0.5456361085266256,age_group,0.5456361085266256,0.0,0.5438429511529679,age_group,continuous_support_sensitivity_without_acceptability_grade
vs,acti,8646,5482.084523809524,0.2023656693876001,0.20236566938760012,2.7755575615628914e-17,0.1598935139044835,age_group,0.15989351390448353,2.7755575615628914e-17,0.142756434563666,age_group,continuous_support_sensitivity_without_acceptability_grade
vs,adept,8646,1919.4027944454594,0.3628797540400764,0.3628797540400764,0.0,0.3895679176326959,sex,0.38956791763269594,5.551115123125783e-17,0.38956791763269594,sex,continuous_support_sensitivity_without_acceptability_grade
vs,oak,8646,6887.578571428576,0.1503969249596241,0.1503969249596241,0.0,0.2307854471955746,age_group,0.23078544719557467,8.326672684688674e-17,0.2032828063396666,age_group,continuous_support_sensitivity_without_acceptability_grade
vs,scrf,8646,7482.482142857143,0.2226053753491854,0.22260537534918542,2.7755575615628914e-17,0.2626703391902109,age_group,0.26267033919021093,5.551115123125783e-17,0.2297599550548853,age_group,continuous_support_sensitivity_without_acceptability_grade
vs,scssl,8646,5813.0,0.3058709803208403,0.30587098032084037,5.551115123125783e-17,0.3702310831805068,sex,0.3702310831805068,0.0,0.2923911684528875,sex,continuous_support_sensitivity_without_acceptability_grade
vs,vsrev,8646,6301.767857142858,0.1251691158200241,0.1251691158200241,0.0,0.2519394147372684,age_group,0.2519394147372684,0.0,0.228314892825898,age_group,continuous_support_sensitivity_without_acceptability_grade
vsrev,acti,8646,5482.084523809524,0.217162154151524,0.21716215415152404,2.7755575615628914e-17,0.2830134855578993,age_group,0.28301348555789935,5.551115123125783e-17,0.24268822920412267,age_group,continuous_support_sensitivity_without_acceptability_grade
vsrev,adept,8646,1919.4027944454594,0.3761337539390134,0.37613375393901344,5.551115123125783e-17,0.5021847747843555,sex,0.5021847747843555,0.0,0.4100890233091278,sex,continuous_support_sensitivity_without_acceptability_grade
vsrev,oak,8646,6887.578571428576,0.1375325838439355,0.13753258384393557,8.326672684688674e-17,0.2132925563393987,age_group,0.21329255633939873,2.7755575615628914e-17,0.12695634323636132,bmi_group,continuous_support_sensitivity_without_acceptability_grade
vsrev,scrf,8646,7482.482142857143,0.2175719541187634,0.21757195411876346,5.551115123125783e-17,0.2152130711973439,bmi_group,0.2152130711973439,0.0,0.21480712354761716,sex,continuous_support_sensitivity_without_acceptability_grade
vsrev,scssl,8646,5813.0,0.3380717011698635,0.3380717011698635,0.0,0.4020685113198904,sex,0.4020685113198904,0.0,0.4020685113198904,sex,continuous_support_sensitivity_without_acceptability_grade
vsrev,vs,8646,5559.857142857143,0.1231412136127973,0.12314121361279737,6.938893903907228e-17,0.2450804794441582,age_group,0.2450804794441582,0.0,0.19289048044129936,age_group,continuous_support_sensitivity_without_acceptability_grade
