source_algorithm,target_algorithm,support_definition,point_E,E_ci_low,E_ci_high,point_H,H_driver,H_ci_low,H_ci_high,E_bootstrap_success,H_bootstrap_success,bootstrap_requested,ci_method
acti,adept,original_grid_stage3,0.402173852123114,0.3961055887079314,0.4120946603883213,0.326836552910744,sex,0.31824107280163144,0.46498295986899707,300,300,300,percentile_PSU_within_stratum_bootstrap
acti,adept,common_support_linear,0.402173852123114,0.3961055887079314,0.4120946603883213,0.3302687017702774,sex,0.31405360121589043,0.42164874803142527,300,300,300,percentile_PSU_within_stratum_bootstrap
acti,oak,original_grid_stage3,0.16218034302040268,0.15889655512699621,0.1666843108653237,0.24223761494183352,age_group,0.23860725924817155,0.30286451557686117,300,300,300,percentile_PSU_within_stratum_bootstrap
acti,oak,common_support_linear,0.16218034302040268,0.15889655512699621,0.1666843108653237,0.2382564572094381,age_group,0.23294575973954743,0.2777321785320742,300,300,300,percentile_PSU_within_stratum_bootstrap
acti,scrf,original_grid_stage3,0.20637059185796416,0.20184260749004226,0.21121879912302888,0.3104461498615042,age_group,0.2543567319742448,0.41863226317283325,300,300,300,percentile_PSU_within_stratum_bootstrap
acti,scrf,common_support_linear,0.20637059185796416,0.20184260749004226,0.21121879912302888,0.2461704464688786,age_group,0.223106666283304,0.29317946220934643,300,300,300,percentile_PSU_within_stratum_bootstrap
acti,scssl,original_grid_stage3,0.31026118176441336,0.3053181310643173,0.31792767323450444,0.25845816216411144,sex,0.24580545583549357,0.36614408928932934,300,300,300,percentile_PSU_within_stratum_bootstrap
acti,scssl,common_support_linear,0.31026118176441336,0.3053181310643173,0.31792767323450444,0.282278957192943,sex,0.24361087943849238,0.37080675913441463,300,300,300,percentile_PSU_within_stratum_bootstrap
acti,vs,original_grid_stage3,0.1987904000917201,0.1951996625065463,0.20421430279174854,0.19429577360076491,age_group,0.1896738503305832,0.24443407776849704,300,300,300,percentile_PSU_within_stratum_bootstrap
acti,vs,common_support_linear,0.1987904000917201,0.1951996625065463,0.20421430279174854,0.19429577360076491,age_group,0.1840350625107116,0.24516912733848126,300,300,300,percentile_PSU_within_stratum_bootstrap
acti,vsrev,original_grid_stage3,0.21622593791146455,0.21057517415127916,0.22175980045137858,0.35846785009848303,age_group,0.3115126868978379,0.4449536707793306,300,300,300,percentile_PSU_within_stratum_bootstrap
acti,vsrev,common_support_linear,0.21622593791146455,0.21057517415127916,0.22175980045137858,0.33481253392162735,age_group,0.31632095006917466,0.3860958695468773,300,300,300,percentile_PSU_within_stratum_bootstrap
adept,acti,original_grid_stage3,0.37341644486837194,0.3656531518615929,0.3820031004661412,0.28116185544986855,age_group,0.24928207720243778,0.42749730137869163,300,300,300,percentile_PSU_within_stratum_bootstrap
adept,acti,common_support_linear,0.37341644486837194,0.3656531518615929,0.3820031004661412,0.28116185544986855,age_group,0.23749310447353605,0.36866896809304783,300,300,300,percentile_PSU_within_stratum_bootstrap
adept,oak,original_grid_stage3,0.32751484558280614,0.32168118207710433,0.3335514997254389,0.4287027819880495,age_group,0.3471170279495023,0.586234045060752,300,300,300,percentile_PSU_within_stratum_bootstrap
adept,oak,common_support_linear,0.32751484558280614,0.32168118207710433,0.3335514997254389,0.3661914629164892,age_group,0.321764407398127,0.48157173676958265,300,300,300,percentile_PSU_within_stratum_bootstrap
adept,scrf,original_grid_stage3,0.35199261120350084,0.3426770623629769,0.3601161755395782,0.43750865779044545,age_group,0.3360318794935031,0.610178610478744,300,300,300,percentile_PSU_within_stratum_bootstrap
adept,scrf,common_support_linear,0.35199261120350084,0.3426770623629769,0.3601161755395782,0.3576706238383281,age_group,0.29915286680300907,0.4893721278406239,300,300,300,percentile_PSU_within_stratum_bootstrap
adept,scssl,original_grid_stage3,0.31530458721483384,0.30879207083432764,0.323747463912413,0.2802200038319516,age_group,0.25644100668448705,0.4185537442987724,300,300,300,percentile_PSU_within_stratum_bootstrap
adept,scssl,common_support_linear,0.31530458721483384,0.30879207083432764,0.323747463912413,0.22802123026103308,age_group,0.20376318864506918,0.32496761904779636,300,300,300,percentile_PSU_within_stratum_bootstrap
adept,vs,original_grid_stage3,0.3331956212758588,0.32737848059942865,0.34042327564349206,0.40737820952392473,age_group,0.2661352940962443,0.527692299084645,300,300,300,percentile_PSU_within_stratum_bootstrap
adept,vs,common_support_linear,0.3331956212758588,0.32737848059942865,0.34042327564349206,0.29527753949702384,age_group,0.2409204473420475,0.41063025335059006,300,300,300,percentile_PSU_within_stratum_bootstrap
adept,vsrev,original_grid_stage3,0.351861053676361,0.3446381531841983,0.3598701395509348,0.5233363639163713,age_group,0.4361993953494015,0.6851112745768478,300,300,300,percentile_PSU_within_stratum_bootstrap
adept,vsrev,common_support_linear,0.351861053676361,0.3446381531841983,0.3598701395509348,0.49079861914083606,age_group,0.4013052867792754,0.5905551448900259,300,300,300,percentile_PSU_within_stratum_bootstrap
oak,acti,original_grid_stage3,0.1634915998897104,0.1602307889707973,0.16817602958370076,0.21828043648797002,age_group,0.20789600390198054,0.2723047765780383,300,300,300,percentile_PSU_within_stratum_bootstrap
oak,acti,common_support_linear,0.1634915998897104,0.1602307889707973,0.16817602958370076,0.20912213104637115,age_group,0.1939843628159005,0.24399292479004395,300,300,300,percentile_PSU_within_stratum_bootstrap
oak,adept,original_grid_stage3,0.35810269339218936,0.3515494339288852,0.3672974574335098,0.48167163945641533,age_group,0.40510542223025814,0.6087555697143554,300,300,300,percentile_PSU_within_stratum_bootstrap
oak,adept,common_support_linear,0.35810269339218936,0.3515494339288852,0.3672974574335098,0.38018667175858045,sex,0.32866238544006926,0.5485532621785393,300,300,300,percentile_PSU_within_stratum_bootstrap
oak,scrf,original_grid_stage3,0.18114267292186084,0.17684311313124568,0.18507608344541454,0.14159916069762057,bmi_group,0.1447217198839739,0.2110973801942187,300,300,300,percentile_PSU_within_stratum_bootstrap
oak,scrf,common_support_linear,0.18114267292186084,0.17684311313124568,0.18507608344541454,0.13783053162632586,sex,0.13626720133793602,0.1816569146541148,300,300,300,percentile_PSU_within_stratum_bootstrap
oak,scssl,original_grid_stage3,0.3059599124104593,0.3012606375452257,0.31383130728990094,0.3165864980088033,sex,0.2784824517828299,0.3940852820555003,300,300,300,percentile_PSU_within_stratum_bootstrap
oak,scssl,common_support_linear,0.3059599124104593,0.3012606375452257,0.31383130728990094,0.2829911635706426,sex,0.2750006300021314,0.38496341333279077,300,300,300,percentile_PSU_within_stratum_bootstrap
oak,vs,original_grid_stage3,0.15026221746993668,0.14737543110492277,0.15434552345684263,0.204308053890385,age_group,0.1823348251973391,0.29647761102774,300,300,300,percentile_PSU_within_stratum_bootstrap
oak,vs,common_support_linear,0.15026221746993668,0.14737543110492277,0.15434552345684263,0.14856348962794919,age_group,0.1278043213303372,0.18116440314747298,300,300,300,percentile_PSU_within_stratum_bootstrap
oak,vsrev,original_grid_stage3,0.13898066535564813,0.13596395433250114,0.1433835610666031,0.16046020832822883,age_group,0.15122823494406054,0.21821292550504687,300,300,300,percentile_PSU_within_stratum_bootstrap
oak,vsrev,common_support_linear,0.13898066535564813,0.13596395433250114,0.1433835610666031,0.13804284951513046,bmi_group,0.13222725134262253,0.18017328710493874,300,300,300,percentile_PSU_within_stratum_bootstrap
scrf,acti,original_grid_stage3,0.20216910649631487,0.19811566413591247,0.20788961466787234,0.16825854028269352,age_group,0.16414397949754037,0.23129958940010073,300,300,300,percentile_PSU_within_stratum_bootstrap
scrf,acti,common_support_linear,0.20216910649631487,0.19811566413591247,0.20788961466787234,0.15679692233909623,age_group,0.14882449729555142,0.20393313131242669,300,300,300,percentile_PSU_within_stratum_bootstrap
scrf,adept,original_grid_stage3,0.3676121899104267,0.3610054932226873,0.376156823275164,0.37392611698477346,age_group,0.32361009323775564,0.5304302043637474,300,300,300,percentile_PSU_within_stratum_bootstrap
scrf,adept,common_support_linear,0.3676121899104267,0.3610054932226873,0.376156823275164,0.3339168180758487,bmi_group,0.29468970678114015,0.48554340011887653,300,300,300,percentile_PSU_within_stratum_bootstrap
scrf,oak,original_grid_stage3,0.17555687871654752,0.1723261161531168,0.17985677638297665,0.14661543572400698,bmi_group,0.14344902483582253,0.1972777082432752,300,300,300,percentile_PSU_within_stratum_bootstrap
scrf,oak,common_support_linear,0.17555687871654752,0.1723261161531168,0.17985677638297665,0.1438656266992281,age_group,0.14050502496288858,0.1927052863110167,300,300,300,percentile_PSU_within_stratum_bootstrap
scrf,scssl,original_grid_stage3,0.24146205426046052,0.2372091135688153,0.24802608317054528,0.3630843224955557,age_group,0.30534917592088257,0.5159053963653087,300,300,300,percentile_PSU_within_stratum_bootstrap
scrf,scssl,common_support_linear,0.24146205426046052,0.2372091135688153,0.24802608317054528,0.2774458589834389,age_group,0.2632926725207973,0.34577325790251057,300,300,300,percentile_PSU_within_stratum_bootstrap
scrf,vs,original_grid_stage3,0.21446777158441888,0.21118688636039798,0.22007453166447127,0.1779732677987209,bmi_group,0.15953085626615868,0.27572340335679196,300,300,300,percentile_PSU_within_stratum_bootstrap
scrf,vs,common_support_linear,0.21446777158441888,0.21118688636039798,0.22007453166447127,0.18660186659413164,bmi_group,0.15038162298113286,0.25169716221932537,300,300,300,percentile_PSU_within_stratum_bootstrap
scrf,vsrev,original_grid_stage3,0.21086646593544256,0.20713127396243128,0.2164281495272,0.1921481987700832,age_group,0.19573977281270694,0.2793943423605444,300,300,300,percentile_PSU_within_stratum_bootstrap
scrf,vsrev,common_support_linear,0.21086646593544256,0.20713127396243128,0.2164281495272,0.19803862672700512,age_group,0.19702483060639273,0.2684897837505531,300,300,300,percentile_PSU_within_stratum_bootstrap
scssl,acti,original_grid_stage3,0.3057816664696054,0.3005759369752984,0.31331079426746533,0.35809502500868584,age_group,0.269659721143793,0.45084055219793,300,300,300,percentile_PSU_within_stratum_bootstrap
scssl,acti,common_support_linear,0.3057816664696054,0.3005759369752984,0.31331079426746533,0.257018681496285,age_group,0.24690750722459454,0.3122800139623526,300,300,300,percentile_PSU_within_stratum_bootstrap
scssl,adept,original_grid_stage3,0.32612747686623084,0.32027479743515463,0.3344211512993217,0.28577492498640633,age_group,0.27094334667658837,0.40330177539484774,300,300,300,percentile_PSU_within_stratum_bootstrap
scssl,adept,common_support_linear,0.32612747686623084,0.32027479743515463,0.3344211512993217,0.2845138312471127,age_group,0.26696284328171105,0.36489800203728373,300,300,300,percentile_PSU_within_stratum_bootstrap
scssl,oak,original_grid_stage3,0.29845479639453076,0.2944959065613257,0.30420209217342636,0.47816706353456817,age_group,0.4011836660864881,0.5934912402437835,300,300,300,percentile_PSU_within_stratum_bootstrap
scssl,oak,common_support_linear,0.29845479639453076,0.2944959065613257,0.30420209217342636,0.4255068616907496,age_group,0.3877446218009359,0.45672680454711817,300,300,300,percentile_PSU_within_stratum_bootstrap
scssl,scrf,original_grid_stage3,0.2443137604394309,0.23913467800443622,0.24981773929023493,0.3870405615201681,age_group,0.3563999038208886,0.5191605452373811,300,300,300,percentile_PSU_within_stratum_bootstrap
scssl,scrf,common_support_linear,0.2443137604394309,0.23913467800443622,0.24981773929023493,0.3680332640571019,age_group,0.3384932991341579,0.41536499378051367,300,300,300,percentile_PSU_within_stratum_bootstrap
scssl,vs,original_grid_stage3,0.29715988495785983,0.29113280622027543,0.3044932865459208,0.36026236359374664,age_group,0.3275819152289763,0.4049841463656039,300,300,300,percentile_PSU_within_stratum_bootstrap
scssl,vs,common_support_linear,0.29715988495785983,0.29113280622027543,0.3044932865459208,0.36026236359374664,age_group,0.3281508263347762,0.40256890674660717,300,300,300,percentile_PSU_within_stratum_bootstrap
scssl,vsrev,original_grid_stage3,0.33125962875240383,0.324201012050692,0.3385114379997601,0.5456361085266256,age_group,0.48020965027804463,0.6596501919548081,300,300,300,percentile_PSU_within_stratum_bootstrap
scssl,vsrev,common_support_linear,0.33125962875240383,0.324201012050692,0.3385114379997601,0.5438429511529679,age_group,0.47338664394800234,0.5769316801016927,300,300,300,percentile_PSU_within_stratum_bootstrap
vs,acti,original_grid_stage3,0.20236566938760012,0.1976862532999398,0.20818860196133085,0.15989351390448353,age_group,0.15843107213541033,0.21632408490862753,300,300,300,percentile_PSU_within_stratum_bootstrap
vs,acti,common_support_linear,0.20236566938760012,0.1976862532999398,0.20818860196133085,0.142756434563666,age_group,0.1354171235416346,0.18889660199623654,300,300,300,percentile_PSU_within_stratum_bootstrap
vs,adept,original_grid_stage3,0.3628797540400764,0.35688009925805775,0.3719661575421306,0.38956791763269594,sex,0.3275190033613503,0.516316312490833,300,300,300,percentile_PSU_within_stratum_bootstrap
vs,adept,common_support_linear,0.3628797540400764,0.35688009925805775,0.3719661575421306,0.38956791763269594,sex,0.3243748341949404,0.4994228286416662,300,300,300,percentile_PSU_within_stratum_bootstrap
vs,oak,original_grid_stage3,0.1503969249596241,0.14699522014663435,0.15493327247183614,0.23078544719557467,age_group,0.18806121834185227,0.2908985861933307,300,300,300,percentile_PSU_within_stratum_bootstrap
vs,oak,common_support_linear,0.1503969249596241,0.14699522014663435,0.15493327247183614,0.2032828063396666,age_group,0.17223485593173338,0.2785459067040156,300,300,300,percentile_PSU_within_stratum_bootstrap
vs,scrf,original_grid_stage3,0.22260537534918542,0.21750327011146256,0.22789416566700865,0.26267033919021093,age_group,0.22664408088753876,0.341679252210855,300,300,300,percentile_PSU_within_stratum_bootstrap
vs,scrf,common_support_linear,0.22260537534918542,0.21750327011146256,0.22789416566700865,0.2297599550548853,age_group,0.19816823722008267,0.29314811774374494,300,300,300,percentile_PSU_within_stratum_bootstrap
vs,scssl,original_grid_stage3,0.30587098032084037,0.3015366719843547,0.3141454922496737,0.3702310831805068,sex,0.292225863969365,0.49113387590097396,300,300,300,percentile_PSU_within_stratum_bootstrap
vs,scssl,common_support_linear,0.30587098032084037,0.3015366719843547,0.3141454922496737,0.2923911684528875,sex,0.2674898807541422,0.429020878264642,300,300,300,percentile_PSU_within_stratum_bootstrap
vs,vsrev,original_grid_stage3,0.1251691158200241,0.12241259015615902,0.12817500990441505,0.2519394147372684,age_group,0.2146468020147049,0.3115085968930075,300,300,300,percentile_PSU_within_stratum_bootstrap
vs,vsrev,common_support_linear,0.1251691158200241,0.12241259015615902,0.12817500990441505,0.228314892825898,age_group,0.20819994401562406,0.3018260422681007,300,300,300,percentile_PSU_within_stratum_bootstrap
vsrev,acti,original_grid_stage3,0.21716215415152404,0.21129095186679184,0.22372567467987878,0.28301348555789935,age_group,0.25247853702175915,0.3286260882578761,300,300,300,percentile_PSU_within_stratum_bootstrap
vsrev,acti,common_support_linear,0.21716215415152404,0.21129095186679184,0.22372567467987878,0.24268822920412267,age_group,0.224734313711615,0.28271167826824306,300,300,300,percentile_PSU_within_stratum_bootstrap
vsrev,adept,original_grid_stage3,0.37613375393901344,0.36840004692888745,0.3847588353619743,0.5021847747843555,sex,0.3915145350970236,0.6747706574858052,300,300,300,percentile_PSU_within_stratum_bootstrap
vsrev,adept,common_support_linear,0.37613375393901344,0.36840004692888745,0.3847588353619743,0.4100890233091278,sex,0.3362036124715275,0.5039917140543603,300,300,300,percentile_PSU_within_stratum_bootstrap
vsrev,oak,original_grid_stage3,0.13753258384393557,0.13461437641533247,0.14173910446925778,0.21329255633939873,age_group,0.1485422375276443,0.2768334421615679,300,300,300,percentile_PSU_within_stratum_bootstrap
vsrev,oak,common_support_linear,0.13753258384393557,0.13461437641533247,0.14173910446925778,0.12695634323636132,bmi_group,0.11690950794532409,0.16775542572292226,300,300,300,percentile_PSU_within_stratum_bootstrap
vsrev,scrf,original_grid_stage3,0.21757195411876346,0.21289682355240924,0.22216649175604733,0.2152130711973439,bmi_group,0.194809479415081,0.31002846841572146,300,300,300,percentile_PSU_within_stratum_bootstrap
vsrev,scrf,common_support_linear,0.21757195411876346,0.21289682355240924,0.22216649175604733,0.21480712354761716,sex,0.1784110260905085,0.29253047098210777,300,300,300,percentile_PSU_within_stratum_bootstrap
vsrev,scssl,original_grid_stage3,0.3380717011698635,0.3321722456486029,0.3465788149667123,0.4020685113198904,sex,0.3501042232559627,0.5500315606850472,300,300,300,percentile_PSU_within_stratum_bootstrap
vsrev,scssl,common_support_linear,0.3380717011698635,0.3321722456486029,0.3465788149667123,0.4020685113198904,sex,0.34276793860215027,0.5158562103817612,300,300,300,percentile_PSU_within_stratum_bootstrap
vsrev,vs,original_grid_stage3,0.12314121361279737,0.12015941233937698,0.1261606384161559,0.2450804794441582,age_group,0.20320257807235442,0.3255239211715079,300,300,300,percentile_PSU_within_stratum_bootstrap
vsrev,vs,common_support_linear,0.12314121361279737,0.12015941233937698,0.1261606384161559,0.19289048044129936,age_group,0.17383829121006072,0.2470830993433224,300,300,300,percentile_PSU_within_stratum_bootstrap
