exposure,method,source_algorithm,target_algorithm,n,bias_pred_minus_target,mae,rmse,abs_error_p95,target_iqr,mae_per_target_iqr,note
daily_steps,isotonic,acti,adept,8646,0.6698966361588734,771.933615618,1099.335479049252,2189.7196320314147,1919.4027944454592,0.402173852123114,"Isotonic source->target crosswalk, 5-fold out-of-fold; residual on target scale."
daily_steps,isotonic,acti,oak,8646,0.8585684493923312,1117.0298552942616,1487.6226385384807,2945.302353323755,6887.578571428576,0.1621803430204026,"Isotonic source->target crosswalk, 5-fold out-of-fold; residual on target scale."
daily_steps,isotonic,acti,scrf,8646,0.4634899970457045,1544.1642683880766,2123.4886819198305,4251.967760373155,7482.482142857143,0.2063705918579641,"Isotonic source->target crosswalk, 5-fold out-of-fold; residual on target scale."
daily_steps,isotonic,acti,scssl,8646,0.338111998143648,1803.5482495965348,2413.2984312984386,4890.003351442125,5813.0,0.3102611817644133,"Isotonic source->target crosswalk, 5-fold out-of-fold; residual on target scale."
daily_steps,isotonic,acti,vs,8646,0.6278645157769094,1105.2462258813794,1520.7993057291287,2996.6473872425677,5559.857142857143,0.1987904000917201,"Isotonic source->target crosswalk, 5-fold out-of-fold; residual on target scale."
daily_steps,isotonic,acti,vsrev,8646,1.437103193595869,1362.6056654110346,1780.6683180725513,3563.5856928528992,6301.767857142858,0.2162259379114645,"Isotonic source->target crosswalk, 5-fold out-of-fold; residual on target scale."
daily_steps,isotonic,adept,acti,8646,-2.7229310128842696,2047.1005133488743,2675.8300534578443,5275.400427102659,5482.084523809524,0.3734164448683719,"Isotonic source->target crosswalk, 5-fold out-of-fold; residual on target scale."
daily_steps,isotonic,adept,oak,8646,-4.835421751078955,2255.7842322608744,3033.846412617419,6046.819177725261,6887.578571428576,0.3275148455828061,"Isotonic source->target crosswalk, 5-fold out-of-fold; residual on target scale."
daily_steps,isotonic,adept,scrf,8646,-4.007199946010922,2633.7784277478527,3684.1359319613794,7198.229158475126,7482.482142857143,0.3519926112035009,"Isotonic source->target crosswalk, 5-fold out-of-fold; residual on target scale."
daily_steps,isotonic,adept,scssl,8646,-1.1030933065016502,1832.8655654798297,2476.980137889517,4941.570104467901,5813.0,0.3153045872148339,"Isotonic source->target crosswalk, 5-fold out-of-fold; residual on target scale."
daily_steps,isotonic,adept,vs,8646,-3.503756316263144,1852.520054919307,2485.6496788205704,4890.2517953987135,5559.857142857143,0.3331956212758588,"Isotonic source->target crosswalk, 5-fold out-of-fold; residual on target scale."
daily_steps,isotonic,adept,vsrev,8646,-4.153089206895557,2217.3466782381097,3078.5963700035973,6008.32859848485,6301.767857142858,0.351861053676361,"Isotonic source->target crosswalk, 5-fold out-of-fold; residual on target scale."
daily_steps,isotonic,oak,acti,8646,-0.1554471308256692,896.2747695282402,1184.4633735618102,2271.317935750971,5482.084523809524,0.1634915998897103,"Isotonic source->target crosswalk, 5-fold out-of-fold; residual on target scale."
daily_steps,isotonic,oak,adept,8646,-0.38602924752515,687.3433103954139,1006.4762818358582,2013.6982673930731,1919.4027944454592,0.3581026933921894,"Isotonic source->target crosswalk, 5-fold out-of-fold; residual on target scale."
daily_steps,isotonic,oak,scrf,8646,-1.4367884019183637,1355.396815447236,1879.631960826959,3710.1418392374662,7482.482142857143,0.1811426729218608,"Isotonic source->target crosswalk, 5-fold out-of-fold; residual on target scale."
daily_steps,isotonic,oak,scssl,8646,-1.3759012444948555,1778.544970842,2345.313464323197,4656.036106125869,5813.0,0.3059599124104593,"Isotonic source->target crosswalk, 5-fold out-of-fold; residual on target scale."
daily_steps,isotonic,oak,vs,8646,0.1139345855924311,835.4364631017808,1221.564399140591,2295.403324056896,5559.857142857143,0.1502622174699366,"Isotonic source->target crosswalk, 5-fold out-of-fold; residual on target scale."
daily_steps,isotonic,oak,vsrev,8646,1.6911518222632895,875.8238897025514,1231.3810172659582,2490.126753040894,6301.767857142858,0.1389806653556481,"Isotonic source->target crosswalk, 5-fold out-of-fold; residual on target scale."
daily_steps,isotonic,scrf,acti,8646,-2.5257660047604737,1108.308129915847,1478.7962986277382,2861.5814527237517,5482.084523809524,0.2021691064963148,"Isotonic source->target crosswalk, 5-fold out-of-fold; residual on target scale."
daily_steps,isotonic,scrf,adept,8646,-0.0576160673674655,705.595864586288,1032.928596173562,2064.566811062672,1919.4027944454592,0.3676121899104267,"Isotonic source->target crosswalk, 5-fold out-of-fold; residual on target scale."
daily_steps,isotonic,scrf,oak,8646,0.3818182231314029,1209.161795914978,1629.054806391536,3195.4338901301985,6887.578571428576,0.1755568787165475,"Isotonic source->target crosswalk, 5-fold out-of-fold; residual on target scale."
daily_steps,isotonic,scrf,scssl,8646,-0.4227131192402553,1403.6189214160572,1956.9788049865329,3898.243244280834,5813.0,0.2414620542604605,"Isotonic source->target crosswalk, 5-fold out-of-fold; residual on target scale."
daily_steps,isotonic,scrf,vs,8646,0.1228962816707679,1192.4101717562855,1643.565372853587,3230.2645943663515,5559.857142857143,0.2144677715844188,"Isotonic source->target crosswalk, 5-fold out-of-fold; residual on target scale."
daily_steps,isotonic,scrf,vsrev,8646,-0.8996203860312761,1328.8315171812817,1832.3495860709272,3619.2432067374048,6301.767857142858,0.2108664659354426,"Isotonic source->target crosswalk, 5-fold out-of-fold; residual on target scale."
daily_steps,isotonic,scssl,acti,8646,-0.7312787889371809,1676.3209414177095,2208.04860591022,4221.565243170912,5482.084523809524,0.3057816664696054,"Isotonic source->target crosswalk, 5-fold out-of-fold; residual on target scale."
daily_steps,isotonic,scssl,adept,8646,0.7520880705594859,625.9699904424904,909.7975386734744,1823.2409305932547,1919.4027944454592,0.3261274768662308,"Isotonic source->target crosswalk, 5-fold out-of-fold; residual on target scale."
daily_steps,isotonic,scssl,oak,8646,-1.8635075597208073,2055.630860187049,2691.217187727617,5276.881515269149,6887.578571428576,0.2984547963945308,"Isotonic source->target crosswalk, 5-fold out-of-fold; residual on target scale."
daily_steps,isotonic,scssl,scrf,8646,1.0920128368630848,1828.0733497423196,2594.5082260037702,4855.196574074074,7482.482142857143,0.2443137604394309,"Isotonic source->target crosswalk, 5-fold out-of-fold; residual on target scale."
daily_steps,isotonic,scssl,vs,8646,0.5895448472279264,1652.1665089535634,2247.1056262749166,4295.808633139684,5559.857142857143,0.2971598849578597,"Isotonic source->target crosswalk, 5-fold out-of-fold; residual on target scale."
daily_steps,isotonic,scssl,vsrev,8646,0.7888805778655285,2087.521280840974,2821.0755917319666,5541.632423972441,6301.767857142858,0.3312596287524038,"Isotonic source->target crosswalk, 5-fold out-of-fold; residual on target scale."
daily_steps,isotonic,vs,acti,8646,-1.1839710041997862,1109.3857043001174,1483.400999660471,2924.1508017077836,5482.084523809524,0.2023656693876001,"Isotonic source->target crosswalk, 5-fold out-of-fold; residual on target scale."
daily_steps,isotonic,vs,adept,8646,-0.9171866937399198,696.5124139522036,1004.3877216914244,2016.413982805419,1919.4027944454592,0.3628797540400764,"Isotonic source->target crosswalk, 5-fold out-of-fold; residual on target scale."
daily_steps,isotonic,vs,oak,8646,-0.4186522749577911,1035.870637560659,1503.0439102617615,2939.455885635505,6887.578571428576,0.1503969249596241,"Isotonic source->target crosswalk, 5-fold out-of-fold; residual on target scale."
daily_steps,isotonic,vs,scrf,8646,-1.8543015726470784,1665.6407459542916,2369.748798836445,4733.163202956966,7482.482142857143,0.2226053753491854,"Isotonic source->target crosswalk, 5-fold out-of-fold; residual on target scale."
daily_steps,isotonic,vs,scssl,8646,-2.169397174433357,1778.0280086050452,2409.175833379356,4745.724665805646,5813.0,0.3058709803208403,"Isotonic source->target crosswalk, 5-fold out-of-fold; residual on target scale."
daily_steps,isotonic,vs,vsrev,8646,-0.5414700746166113,788.7867107816195,1157.2866986852832,2241.54659090909,6301.767857142858,0.1251691158200241,"Isotonic source->target crosswalk, 5-fold out-of-fold; residual on target scale."
daily_steps,isotonic,vsrev,acti,8646,0.1029731258022871,1190.5012844312084,1514.59921181886,2905.546023742759,5482.084523809524,0.2171621541515241,"Isotonic source->target crosswalk, 5-fold out-of-fold; residual on target scale."
daily_steps,isotonic,vsrev,adept,8646,0.5331562410332362,721.9521783958031,1049.6279197883296,2067.080210601424,1919.4027944454592,0.3761337539390134,"Isotonic source->target crosswalk, 5-fold out-of-fold; residual on target scale."
daily_steps,isotonic,vsrev,oak,8646,0.518952873389264,947.2664773566944,1284.841812510272,2623.440664974324,6887.578571428576,0.1375325838439355,"Isotonic source->target crosswalk, 5-fold out-of-fold; residual on target scale."
daily_steps,isotonic,vsrev,scrf,8646,0.2827858486981746,1627.9782614801811,2239.4294292774107,4600.7394429103715,7482.482142857143,0.2175719541187634,"Isotonic source->target crosswalk, 5-fold out-of-fold; residual on target scale."
daily_steps,isotonic,vsrev,scssl,8646,0.1917213096063973,1965.2107989004169,2614.6069375866023,5140.690838835534,5813.0,0.3380717011698635,"Isotonic source->target crosswalk, 5-fold out-of-fold; residual on target scale."
daily_steps,isotonic,vsrev,vs,8646,0.4614298131909818,684.6475560852087,965.6911920608964,1844.4879484858477,5559.857142857143,0.1231412136127973,"Isotonic source->target crosswalk, 5-fold out-of-fold; residual on target scale."
