resource_version,mapping_id,source_algorithm,source_algorithm_label,target_algorithm,target_algorithm_label,direction_reversible,input_unit,output_unit,analysis_level,fit_method,n_fit,training_source_min_steps,training_source_max_steps,released_source_p05_steps,released_source_p95_steps,released_support_rule,out_of_range_policy,exact_knot_nodes,exact_knots_within_released_support,conversion_interpolation_rule,rounding_rule,oof_mae_target_steps,target_iqr,E_oof_mae_per_target_iqr,H_full_range_max_subgroup_spread_per_target_iqr,H_driver,exact_knots_file,strict_converter_file,table_s2_role,use_boundary,exact_knots_sha256
1.1.1,acti_to_adept,acti,ActiLife,adept,ADEPT,False,steps/day,steps/day,participant_multi_day_mean_daily_steps,nonnegative_nondecreasing_isotonic_regression,8646,828.2857142857143,33835.25,5266.464285714286,19321.357142857145,pooled_source_P05_to_P95,reject_no_formal_conversion,161,103,linear_between_exact_isotonic_thresholds,round_after_interpolation_only_when_whole_steps_are_required,771.933615618,1919.4027944454592,0.402173852123114,0.326836552910744,sex,crosswalk_exact_knots.csv,analysis/crosswalk_converter.py,direction_index_and_use_boundaries,"Direction-specific re-expression of participant multi-day mean daily steps only; not true-step accuracy, health-threshold equivalence, or sample-marginal prevalence alignment.",775a590802a91fa8ed1860b58621b74566e4a1f4057fc26a94033cc18c07248a
1.1.1,acti_to_oak,acti,ActiLife,oak,Oak,False,steps/day,steps/day,participant_multi_day_mean_daily_steps,nonnegative_nondecreasing_isotonic_regression,8646,828.2857142857143,33835.25,5266.464285714286,19321.357142857145,pooled_source_P05_to_P95,reject_no_formal_conversion,355,273,linear_between_exact_isotonic_thresholds,round_after_interpolation_only_when_whole_steps_are_required,1117.0298552942616,6887.578571428576,0.1621803430204026,0.2422376149418335,age_group,crosswalk_exact_knots.csv,analysis/crosswalk_converter.py,direction_index_and_use_boundaries,"Direction-specific re-expression of participant multi-day mean daily steps only; not true-step accuracy, health-threshold equivalence, or sample-marginal prevalence alignment.",775a590802a91fa8ed1860b58621b74566e4a1f4057fc26a94033cc18c07248a
1.1.1,acti_to_scrf,acti,ActiLife,scrf,Stepcount-RF,False,steps/day,steps/day,participant_multi_day_mean_daily_steps,nonnegative_nondecreasing_isotonic_regression,8646,828.2857142857143,33835.25,5266.464285714286,19321.357142857145,pooled_source_P05_to_P95,reject_no_formal_conversion,297,217,linear_between_exact_isotonic_thresholds,round_after_interpolation_only_when_whole_steps_are_required,1544.1642683880766,7482.482142857143,0.2063705918579641,0.3104461498615042,age_group,crosswalk_exact_knots.csv,analysis/crosswalk_converter.py,direction_index_and_use_boundaries,"Direction-specific re-expression of participant multi-day mean daily steps only; not true-step accuracy, health-threshold equivalence, or sample-marginal prevalence alignment.",775a590802a91fa8ed1860b58621b74566e4a1f4057fc26a94033cc18c07248a
1.1.1,acti_to_scssl,acti,ActiLife,scssl,Stepcount-SSL,False,steps/day,steps/day,participant_multi_day_mean_daily_steps,nonnegative_nondecreasing_isotonic_regression,8646,828.2857142857143,33835.25,5266.464285714286,19321.357142857145,pooled_source_P05_to_P95,reject_no_formal_conversion,228,167,linear_between_exact_isotonic_thresholds,round_after_interpolation_only_when_whole_steps_are_required,1803.5482495965348,5813.0,0.3102611817644133,0.2584581621641114,sex,crosswalk_exact_knots.csv,analysis/crosswalk_converter.py,direction_index_and_use_boundaries,"Direction-specific re-expression of participant multi-day mean daily steps only; not true-step accuracy, health-threshold equivalence, or sample-marginal prevalence alignment.",775a590802a91fa8ed1860b58621b74566e4a1f4057fc26a94033cc18c07248a
1.1.1,acti_to_vs,acti,ActiLife,vs,Verisense,False,steps/day,steps/day,participant_multi_day_mean_daily_steps,nonnegative_nondecreasing_isotonic_regression,8646,828.2857142857143,33835.25,5266.464285714286,19321.357142857145,pooled_source_P05_to_P95,reject_no_formal_conversion,285,210,linear_between_exact_isotonic_thresholds,round_after_interpolation_only_when_whole_steps_are_required,1105.2462258813794,5559.857142857143,0.1987904000917201,0.1942957736007649,age_group,crosswalk_exact_knots.csv,analysis/crosswalk_converter.py,direction_index_and_use_boundaries,"Direction-specific re-expression of participant multi-day mean daily steps only; not true-step accuracy, health-threshold equivalence, or sample-marginal prevalence alignment.",775a590802a91fa8ed1860b58621b74566e4a1f4057fc26a94033cc18c07248a
1.1.1,acti_to_vsrev,acti,ActiLife,vsrev,Verisense-revised,False,steps/day,steps/day,participant_multi_day_mean_daily_steps,nonnegative_nondecreasing_isotonic_regression,8646,828.2857142857143,33835.25,5266.464285714286,19321.357142857145,pooled_source_P05_to_P95,reject_no_formal_conversion,311,235,linear_between_exact_isotonic_thresholds,round_after_interpolation_only_when_whole_steps_are_required,1362.6056654110346,6301.767857142858,0.2162259379114645,0.358467850098483,age_group,crosswalk_exact_knots.csv,analysis/crosswalk_converter.py,direction_index_and_use_boundaries,"Direction-specific re-expression of participant multi-day mean daily steps only; not true-step accuracy, health-threshold equivalence, or sample-marginal prevalence alignment.",775a590802a91fa8ed1860b58621b74566e4a1f4057fc26a94033cc18c07248a
1.1.1,adept_to_acti,adept,ADEPT,acti,ActiLife,False,steps/day,steps/day,participant_multi_day_mean_daily_steps,nonnegative_nondecreasing_isotonic_regression,8646,5.56540014606673,20240.87818898735,388.4465352624406,5454.949972321798,pooled_source_P05_to_P95,reject_no_formal_conversion,210,140,linear_between_exact_isotonic_thresholds,round_after_interpolation_only_when_whole_steps_are_required,2047.1005133488743,5482.084523809524,0.3734164448683719,0.2811618554498685,age_group,crosswalk_exact_knots.csv,analysis/crosswalk_converter.py,direction_index_and_use_boundaries,"Direction-specific re-expression of participant multi-day mean daily steps only; not true-step accuracy, health-threshold equivalence, or sample-marginal prevalence alignment.",775a590802a91fa8ed1860b58621b74566e4a1f4057fc26a94033cc18c07248a
1.1.1,adept_to_oak,adept,ADEPT,oak,Oak,False,steps/day,steps/day,participant_multi_day_mean_daily_steps,nonnegative_nondecreasing_isotonic_regression,8646,5.56540014606673,20240.87818898735,388.4465352624406,5454.949972321798,pooled_source_P05_to_P95,reject_no_formal_conversion,234,154,linear_between_exact_isotonic_thresholds,round_after_interpolation_only_when_whole_steps_are_required,2255.7842322608744,6887.578571428576,0.3275148455828061,0.4287027819880495,age_group,crosswalk_exact_knots.csv,analysis/crosswalk_converter.py,direction_index_and_use_boundaries,"Direction-specific re-expression of participant multi-day mean daily steps only; not true-step accuracy, health-threshold equivalence, or sample-marginal prevalence alignment.",775a590802a91fa8ed1860b58621b74566e4a1f4057fc26a94033cc18c07248a
1.1.1,adept_to_scrf,adept,ADEPT,scrf,Stepcount-RF,False,steps/day,steps/day,participant_multi_day_mean_daily_steps,nonnegative_nondecreasing_isotonic_regression,8646,5.56540014606673,20240.87818898735,388.4465352624406,5454.949972321798,pooled_source_P05_to_P95,reject_no_formal_conversion,227,155,linear_between_exact_isotonic_thresholds,round_after_interpolation_only_when_whole_steps_are_required,2633.778427747852,7482.482142857143,0.3519926112035008,0.4375086577904454,age_group,crosswalk_exact_knots.csv,analysis/crosswalk_converter.py,direction_index_and_use_boundaries,"Direction-specific re-expression of participant multi-day mean daily steps only; not true-step accuracy, health-threshold equivalence, or sample-marginal prevalence alignment.",775a590802a91fa8ed1860b58621b74566e4a1f4057fc26a94033cc18c07248a
1.1.1,adept_to_scssl,adept,ADEPT,scssl,Stepcount-SSL,False,steps/day,steps/day,participant_multi_day_mean_daily_steps,nonnegative_nondecreasing_isotonic_regression,8646,5.56540014606673,20240.87818898735,388.4465352624406,5454.949972321798,pooled_source_P05_to_P95,reject_no_formal_conversion,241,176,linear_between_exact_isotonic_thresholds,round_after_interpolation_only_when_whole_steps_are_required,1832.865565479829,5813.0,0.3153045872148338,0.2802200038319516,age_group,crosswalk_exact_knots.csv,analysis/crosswalk_converter.py,direction_index_and_use_boundaries,"Direction-specific re-expression of participant multi-day mean daily steps only; not true-step accuracy, health-threshold equivalence, or sample-marginal prevalence alignment.",775a590802a91fa8ed1860b58621b74566e4a1f4057fc26a94033cc18c07248a
1.1.1,adept_to_vs,adept,ADEPT,vs,Verisense,False,steps/day,steps/day,participant_multi_day_mean_daily_steps,nonnegative_nondecreasing_isotonic_regression,8646,5.56540014606673,20240.87818898735,388.4465352624406,5454.949972321798,pooled_source_P05_to_P95,reject_no_formal_conversion,232,166,linear_between_exact_isotonic_thresholds,round_after_interpolation_only_when_whole_steps_are_required,1852.5200549193069,5559.857142857143,0.3331956212758588,0.4073782095239247,age_group,crosswalk_exact_knots.csv,analysis/crosswalk_converter.py,direction_index_and_use_boundaries,"Direction-specific re-expression of participant multi-day mean daily steps only; not true-step accuracy, health-threshold equivalence, or sample-marginal prevalence alignment.",775a590802a91fa8ed1860b58621b74566e4a1f4057fc26a94033cc18c07248a
1.1.1,adept_to_vsrev,adept,ADEPT,vsrev,Verisense-revised,False,steps/day,steps/day,participant_multi_day_mean_daily_steps,nonnegative_nondecreasing_isotonic_regression,8646,5.56540014606673,20240.87818898735,388.4465352624406,5454.949972321798,pooled_source_P05_to_P95,reject_no_formal_conversion,246,160,linear_between_exact_isotonic_thresholds,round_after_interpolation_only_when_whole_steps_are_required,2217.3466782381097,6301.767857142858,0.351861053676361,0.5233363639163713,age_group,crosswalk_exact_knots.csv,analysis/crosswalk_converter.py,direction_index_and_use_boundaries,"Direction-specific re-expression of participant multi-day mean daily steps only; not true-step accuracy, health-threshold equivalence, or sample-marginal prevalence alignment.",775a590802a91fa8ed1860b58621b74566e4a1f4057fc26a94033cc18c07248a
1.1.1,oak_to_acti,oak,Oak,acti,ActiLife,False,steps/day,steps/day,participant_multi_day_mean_daily_steps,nonnegative_nondecreasing_isotonic_regression,8646,0.0,38448.01428571427,3101.1232142857143,20704.76785714287,pooled_source_P05_to_P95,reject_no_formal_conversion,356,258,linear_between_exact_isotonic_thresholds,round_after_interpolation_only_when_whole_steps_are_required,896.2747695282403,5482.084523809524,0.1634915998897104,0.21828043648797,age_group,crosswalk_exact_knots.csv,analysis/crosswalk_converter.py,direction_index_and_use_boundaries,"Direction-specific re-expression of participant multi-day mean daily steps only; not true-step accuracy, health-threshold equivalence, or sample-marginal prevalence alignment.",775a590802a91fa8ed1860b58621b74566e4a1f4057fc26a94033cc18c07248a
1.1.1,oak_to_adept,oak,Oak,adept,ADEPT,False,steps/day,steps/day,participant_multi_day_mean_daily_steps,nonnegative_nondecreasing_isotonic_regression,8646,0.0,38448.01428571427,3101.1232142857143,20704.76785714287,pooled_source_P05_to_P95,reject_no_formal_conversion,207,142,linear_between_exact_isotonic_thresholds,round_after_interpolation_only_when_whole_steps_are_required,687.3433103954138,1919.4027944454592,0.3581026933921893,0.4816716394564153,age_group,crosswalk_exact_knots.csv,analysis/crosswalk_converter.py,direction_index_and_use_boundaries,"Direction-specific re-expression of participant multi-day mean daily steps only; not true-step accuracy, health-threshold equivalence, or sample-marginal prevalence alignment.",775a590802a91fa8ed1860b58621b74566e4a1f4057fc26a94033cc18c07248a
1.1.1,oak_to_scrf,oak,Oak,scrf,Stepcount-RF,False,steps/day,steps/day,participant_multi_day_mean_daily_steps,nonnegative_nondecreasing_isotonic_regression,8646,0.0,38448.01428571427,3101.1232142857143,20704.76785714287,pooled_source_P05_to_P95,reject_no_formal_conversion,328,237,linear_between_exact_isotonic_thresholds,round_after_interpolation_only_when_whole_steps_are_required,1355.396815447236,7482.482142857143,0.1811426729218608,0.1415991606976205,bmi_group,crosswalk_exact_knots.csv,analysis/crosswalk_converter.py,direction_index_and_use_boundaries,"Direction-specific re-expression of participant multi-day mean daily steps only; not true-step accuracy, health-threshold equivalence, or sample-marginal prevalence alignment.",775a590802a91fa8ed1860b58621b74566e4a1f4057fc26a94033cc18c07248a
1.1.1,oak_to_scssl,oak,Oak,scssl,Stepcount-SSL,False,steps/day,steps/day,participant_multi_day_mean_daily_steps,nonnegative_nondecreasing_isotonic_regression,8646,0.0,38448.01428571427,3101.1232142857143,20704.76785714287,pooled_source_P05_to_P95,reject_no_formal_conversion,234,164,linear_between_exact_isotonic_thresholds,round_after_interpolation_only_when_whole_steps_are_required,1778.544970842,5813.0,0.3059599124104593,0.3165864980088033,sex,crosswalk_exact_knots.csv,analysis/crosswalk_converter.py,direction_index_and_use_boundaries,"Direction-specific re-expression of participant multi-day mean daily steps only; not true-step accuracy, health-threshold equivalence, or sample-marginal prevalence alignment.",775a590802a91fa8ed1860b58621b74566e4a1f4057fc26a94033cc18c07248a
1.1.1,oak_to_vs,oak,Oak,vs,Verisense,False,steps/day,steps/day,participant_multi_day_mean_daily_steps,nonnegative_nondecreasing_isotonic_regression,8646,0.0,38448.01428571427,3101.1232142857143,20704.76785714287,pooled_source_P05_to_P95,reject_no_formal_conversion,348,237,linear_between_exact_isotonic_thresholds,round_after_interpolation_only_when_whole_steps_are_required,835.4364631017809,5559.857142857143,0.1502622174699366,0.204308053890385,age_group,crosswalk_exact_knots.csv,analysis/crosswalk_converter.py,direction_index_and_use_boundaries,"Direction-specific re-expression of participant multi-day mean daily steps only; not true-step accuracy, health-threshold equivalence, or sample-marginal prevalence alignment.",775a590802a91fa8ed1860b58621b74566e4a1f4057fc26a94033cc18c07248a
1.1.1,oak_to_vsrev,oak,Oak,vsrev,Verisense-revised,False,steps/day,steps/day,participant_multi_day_mean_daily_steps,nonnegative_nondecreasing_isotonic_regression,8646,0.0,38448.01428571427,3101.1232142857143,20704.76785714287,pooled_source_P05_to_P95,reject_no_formal_conversion,434,309,linear_between_exact_isotonic_thresholds,round_after_interpolation_only_when_whole_steps_are_required,875.8238897025514,6301.767857142858,0.1389806653556481,0.1604602083282288,age_group,crosswalk_exact_knots.csv,analysis/crosswalk_converter.py,direction_index_and_use_boundaries,"Direction-specific re-expression of participant multi-day mean daily steps only; not true-step accuracy, health-threshold equivalence, or sample-marginal prevalence alignment.",775a590802a91fa8ed1860b58621b74566e4a1f4057fc26a94033cc18c07248a
1.1.1,scrf_to_acti,scrf,Stepcount-RF,acti,ActiLife,False,steps/day,steps/day,participant_multi_day_mean_daily_steps,nonnegative_nondecreasing_isotonic_regression,8646,5.571428571428571,48312.28571428572,2237.285714285714,22023.285714285714,pooled_source_P05_to_P95,reject_no_formal_conversion,295,212,linear_between_exact_isotonic_thresholds,round_after_interpolation_only_when_whole_steps_are_required,1108.3081299158473,5482.084523809524,0.2021691064963148,0.1682585402826935,age_group,crosswalk_exact_knots.csv,analysis/crosswalk_converter.py,direction_index_and_use_boundaries,"Direction-specific re-expression of participant multi-day mean daily steps only; not true-step accuracy, health-threshold equivalence, or sample-marginal prevalence alignment.",775a590802a91fa8ed1860b58621b74566e4a1f4057fc26a94033cc18c07248a
1.1.1,scrf_to_adept,scrf,Stepcount-RF,adept,ADEPT,False,steps/day,steps/day,participant_multi_day_mean_daily_steps,nonnegative_nondecreasing_isotonic_regression,8646,5.571428571428571,48312.28571428572,2237.285714285714,22023.285714285714,pooled_source_P05_to_P95,reject_no_formal_conversion,184,145,linear_between_exact_isotonic_thresholds,round_after_interpolation_only_when_whole_steps_are_required,705.5958645862879,1919.4027944454592,0.3676121899104267,0.3739261169847734,age_group,crosswalk_exact_knots.csv,analysis/crosswalk_converter.py,direction_index_and_use_boundaries,"Direction-specific re-expression of participant multi-day mean daily steps only; not true-step accuracy, health-threshold equivalence, or sample-marginal prevalence alignment.",775a590802a91fa8ed1860b58621b74566e4a1f4057fc26a94033cc18c07248a
1.1.1,scrf_to_oak,scrf,Stepcount-RF,oak,Oak,False,steps/day,steps/day,participant_multi_day_mean_daily_steps,nonnegative_nondecreasing_isotonic_regression,8646,5.571428571428571,48312.28571428572,2237.285714285714,22023.285714285714,pooled_source_P05_to_P95,reject_no_formal_conversion,339,249,linear_between_exact_isotonic_thresholds,round_after_interpolation_only_when_whole_steps_are_required,1209.161795914978,6887.578571428576,0.1755568787165475,0.1466154357240069,bmi_group,crosswalk_exact_knots.csv,analysis/crosswalk_converter.py,direction_index_and_use_boundaries,"Direction-specific re-expression of participant multi-day mean daily steps only; not true-step accuracy, health-threshold equivalence, or sample-marginal prevalence alignment.",775a590802a91fa8ed1860b58621b74566e4a1f4057fc26a94033cc18c07248a
1.1.1,scrf_to_scssl,scrf,Stepcount-RF,scssl,Stepcount-SSL,False,steps/day,steps/day,participant_multi_day_mean_daily_steps,nonnegative_nondecreasing_isotonic_regression,8646,5.571428571428571,48312.28571428572,2237.285714285714,22023.285714285714,pooled_source_P05_to_P95,reject_no_formal_conversion,282,204,linear_between_exact_isotonic_thresholds,round_after_interpolation_only_when_whole_steps_are_required,1403.618921416057,5813.0,0.2414620542604605,0.3630843224955557,age_group,crosswalk_exact_knots.csv,analysis/crosswalk_converter.py,direction_index_and_use_boundaries,"Direction-specific re-expression of participant multi-day mean daily steps only; not true-step accuracy, health-threshold equivalence, or sample-marginal prevalence alignment.",775a590802a91fa8ed1860b58621b74566e4a1f4057fc26a94033cc18c07248a
1.1.1,scrf_to_vs,scrf,Stepcount-RF,vs,Verisense,False,steps/day,steps/day,participant_multi_day_mean_daily_steps,nonnegative_nondecreasing_isotonic_regression,8646,5.571428571428571,48312.28571428572,2237.285714285714,22023.285714285714,pooled_source_P05_to_P95,reject_no_formal_conversion,277,197,linear_between_exact_isotonic_thresholds,round_after_interpolation_only_when_whole_steps_are_required,1192.4101717562855,5559.857142857143,0.2144677715844188,0.1779732677987209,bmi_group,crosswalk_exact_knots.csv,analysis/crosswalk_converter.py,direction_index_and_use_boundaries,"Direction-specific re-expression of participant multi-day mean daily steps only; not true-step accuracy, health-threshold equivalence, or sample-marginal prevalence alignment.",775a590802a91fa8ed1860b58621b74566e4a1f4057fc26a94033cc18c07248a
1.1.1,scrf_to_vsrev,scrf,Stepcount-RF,vsrev,Verisense-revised,False,steps/day,steps/day,participant_multi_day_mean_daily_steps,nonnegative_nondecreasing_isotonic_regression,8646,5.571428571428571,48312.28571428572,2237.285714285714,22023.285714285714,pooled_source_P05_to_P95,reject_no_formal_conversion,271,195,linear_between_exact_isotonic_thresholds,round_after_interpolation_only_when_whole_steps_are_required,1328.8315171812812,6301.767857142858,0.2108664659354425,0.1921481987700832,age_group,crosswalk_exact_knots.csv,analysis/crosswalk_converter.py,direction_index_and_use_boundaries,"Direction-specific re-expression of participant multi-day mean daily steps only; not true-step accuracy, health-threshold equivalence, or sample-marginal prevalence alignment.",775a590802a91fa8ed1860b58621b74566e4a1f4057fc26a94033cc18c07248a
1.1.1,scssl_to_acti,scssl,Stepcount-SSL,acti,ActiLife,False,steps/day,steps/day,participant_multi_day_mean_daily_steps,nonnegative_nondecreasing_isotonic_regression,8646,0.0,33164.28571428572,1899.642857142857,17019.75,pooled_source_P05_to_P95,reject_no_formal_conversion,195,150,linear_between_exact_isotonic_thresholds,round_after_interpolation_only_when_whole_steps_are_required,1676.3209414177095,5482.084523809524,0.3057816664696054,0.3580950250086858,age_group,crosswalk_exact_knots.csv,analysis/crosswalk_converter.py,direction_index_and_use_boundaries,"Direction-specific re-expression of participant multi-day mean daily steps only; not true-step accuracy, health-threshold equivalence, or sample-marginal prevalence alignment.",775a590802a91fa8ed1860b58621b74566e4a1f4057fc26a94033cc18c07248a
1.1.1,scssl_to_adept,scssl,Stepcount-SSL,adept,ADEPT,False,steps/day,steps/day,participant_multi_day_mean_daily_steps,nonnegative_nondecreasing_isotonic_regression,8646,0.0,33164.28571428572,1899.642857142857,17019.75,pooled_source_P05_to_P95,reject_no_formal_conversion,202,149,linear_between_exact_isotonic_thresholds,round_after_interpolation_only_when_whole_steps_are_required,625.9699904424904,1919.4027944454592,0.3261274768662308,0.2857749249864063,age_group,crosswalk_exact_knots.csv,analysis/crosswalk_converter.py,direction_index_and_use_boundaries,"Direction-specific re-expression of participant multi-day mean daily steps only; not true-step accuracy, health-threshold equivalence, or sample-marginal prevalence alignment.",775a590802a91fa8ed1860b58621b74566e4a1f4057fc26a94033cc18c07248a
1.1.1,scssl_to_oak,scssl,Stepcount-SSL,oak,Oak,False,steps/day,steps/day,participant_multi_day_mean_daily_steps,nonnegative_nondecreasing_isotonic_regression,8646,0.0,33164.28571428572,1899.642857142857,17019.75,pooled_source_P05_to_P95,reject_no_formal_conversion,201,148,linear_between_exact_isotonic_thresholds,round_after_interpolation_only_when_whole_steps_are_required,2055.6308601870487,6887.578571428576,0.2984547963945307,0.4781670635345681,age_group,crosswalk_exact_knots.csv,analysis/crosswalk_converter.py,direction_index_and_use_boundaries,"Direction-specific re-expression of participant multi-day mean daily steps only; not true-step accuracy, health-threshold equivalence, or sample-marginal prevalence alignment.",775a590802a91fa8ed1860b58621b74566e4a1f4057fc26a94033cc18c07248a
1.1.1,scssl_to_scrf,scssl,Stepcount-SSL,scrf,Stepcount-RF,False,steps/day,steps/day,participant_multi_day_mean_daily_steps,nonnegative_nondecreasing_isotonic_regression,8646,0.0,33164.28571428572,1899.642857142857,17019.75,pooled_source_P05_to_P95,reject_no_formal_conversion,253,165,linear_between_exact_isotonic_thresholds,round_after_interpolation_only_when_whole_steps_are_required,1828.0733497423196,7482.482142857143,0.2443137604394309,0.3870405615201681,age_group,crosswalk_exact_knots.csv,analysis/crosswalk_converter.py,direction_index_and_use_boundaries,"Direction-specific re-expression of participant multi-day mean daily steps only; not true-step accuracy, health-threshold equivalence, or sample-marginal prevalence alignment.",775a590802a91fa8ed1860b58621b74566e4a1f4057fc26a94033cc18c07248a
1.1.1,scssl_to_vs,scssl,Stepcount-SSL,vs,Verisense,False,steps/day,steps/day,participant_multi_day_mean_daily_steps,nonnegative_nondecreasing_isotonic_regression,8646,0.0,33164.28571428572,1899.642857142857,17019.75,pooled_source_P05_to_P95,reject_no_formal_conversion,198,139,linear_between_exact_isotonic_thresholds,round_after_interpolation_only_when_whole_steps_are_required,1652.1665089535638,5559.857142857143,0.2971598849578598,0.3602623635937466,age_group,crosswalk_exact_knots.csv,analysis/crosswalk_converter.py,direction_index_and_use_boundaries,"Direction-specific re-expression of participant multi-day mean daily steps only; not true-step accuracy, health-threshold equivalence, or sample-marginal prevalence alignment.",775a590802a91fa8ed1860b58621b74566e4a1f4057fc26a94033cc18c07248a
1.1.1,scssl_to_vsrev,scssl,Stepcount-SSL,vsrev,Verisense-revised,False,steps/day,steps/day,participant_multi_day_mean_daily_steps,nonnegative_nondecreasing_isotonic_regression,8646,0.0,33164.28571428572,1899.642857142857,17019.75,pooled_source_P05_to_P95,reject_no_formal_conversion,200,138,linear_between_exact_isotonic_thresholds,round_after_interpolation_only_when_whole_steps_are_required,2087.5212808409747,6301.767857142858,0.3312596287524038,0.5456361085266256,age_group,crosswalk_exact_knots.csv,analysis/crosswalk_converter.py,direction_index_and_use_boundaries,"Direction-specific re-expression of participant multi-day mean daily steps only; not true-step accuracy, health-threshold equivalence, or sample-marginal prevalence alignment.",775a590802a91fa8ed1860b58621b74566e4a1f4057fc26a94033cc18c07248a
1.1.1,vs_to_acti,vs,Verisense,acti,ActiLife,False,steps/day,steps/day,participant_multi_day_mean_daily_steps,nonnegative_nondecreasing_isotonic_regression,8646,0.0,31859.571428571428,2596.107142857143,16671.428571428572,pooled_source_P05_to_P95,reject_no_formal_conversion,296,212,linear_between_exact_isotonic_thresholds,round_after_interpolation_only_when_whole_steps_are_required,1109.3857043001174,5482.084523809524,0.2023656693876001,0.1598935139044835,age_group,crosswalk_exact_knots.csv,analysis/crosswalk_converter.py,direction_index_and_use_boundaries,"Direction-specific re-expression of participant multi-day mean daily steps only; not true-step accuracy, health-threshold equivalence, or sample-marginal prevalence alignment.",775a590802a91fa8ed1860b58621b74566e4a1f4057fc26a94033cc18c07248a
1.1.1,vs_to_adept,vs,Verisense,adept,ADEPT,False,steps/day,steps/day,participant_multi_day_mean_daily_steps,nonnegative_nondecreasing_isotonic_regression,8646,0.0,31859.571428571428,2596.107142857143,16671.428571428572,pooled_source_P05_to_P95,reject_no_formal_conversion,216,151,linear_between_exact_isotonic_thresholds,round_after_interpolation_only_when_whole_steps_are_required,696.5124139522036,1919.4027944454592,0.3628797540400764,0.3895679176326959,sex,crosswalk_exact_knots.csv,analysis/crosswalk_converter.py,direction_index_and_use_boundaries,"Direction-specific re-expression of participant multi-day mean daily steps only; not true-step accuracy, health-threshold equivalence, or sample-marginal prevalence alignment.",775a590802a91fa8ed1860b58621b74566e4a1f4057fc26a94033cc18c07248a
1.1.1,vs_to_oak,vs,Verisense,oak,Oak,False,steps/day,steps/day,participant_multi_day_mean_daily_steps,nonnegative_nondecreasing_isotonic_regression,8646,0.0,31859.571428571428,2596.107142857143,16671.428571428572,pooled_source_P05_to_P95,reject_no_formal_conversion,351,245,linear_between_exact_isotonic_thresholds,round_after_interpolation_only_when_whole_steps_are_required,1035.8706375606585,6887.578571428576,0.1503969249596241,0.2307854471955746,age_group,crosswalk_exact_knots.csv,analysis/crosswalk_converter.py,direction_index_and_use_boundaries,"Direction-specific re-expression of participant multi-day mean daily steps only; not true-step accuracy, health-threshold equivalence, or sample-marginal prevalence alignment.",775a590802a91fa8ed1860b58621b74566e4a1f4057fc26a94033cc18c07248a
1.1.1,vs_to_scrf,vs,Verisense,scrf,Stepcount-RF,False,steps/day,steps/day,participant_multi_day_mean_daily_steps,nonnegative_nondecreasing_isotonic_regression,8646,0.0,31859.571428571428,2596.107142857143,16671.428571428572,pooled_source_P05_to_P95,reject_no_formal_conversion,275,209,linear_between_exact_isotonic_thresholds,round_after_interpolation_only_when_whole_steps_are_required,1665.6407459542916,7482.482142857143,0.2226053753491854,0.2626703391902109,age_group,crosswalk_exact_knots.csv,analysis/crosswalk_converter.py,direction_index_and_use_boundaries,"Direction-specific re-expression of participant multi-day mean daily steps only; not true-step accuracy, health-threshold equivalence, or sample-marginal prevalence alignment.",775a590802a91fa8ed1860b58621b74566e4a1f4057fc26a94033cc18c07248a
1.1.1,vs_to_scssl,vs,Verisense,scssl,Stepcount-SSL,False,steps/day,steps/day,participant_multi_day_mean_daily_steps,nonnegative_nondecreasing_isotonic_regression,8646,0.0,31859.571428571428,2596.107142857143,16671.428571428572,pooled_source_P05_to_P95,reject_no_formal_conversion,197,152,linear_between_exact_isotonic_thresholds,round_after_interpolation_only_when_whole_steps_are_required,1778.0280086050452,5813.0,0.3058709803208403,0.3702310831805068,sex,crosswalk_exact_knots.csv,analysis/crosswalk_converter.py,direction_index_and_use_boundaries,"Direction-specific re-expression of participant multi-day mean daily steps only; not true-step accuracy, health-threshold equivalence, or sample-marginal prevalence alignment.",775a590802a91fa8ed1860b58621b74566e4a1f4057fc26a94033cc18c07248a
1.1.1,vs_to_vsrev,vs,Verisense,vsrev,Verisense-revised,False,steps/day,steps/day,participant_multi_day_mean_daily_steps,nonnegative_nondecreasing_isotonic_regression,8646,0.0,31859.571428571428,2596.107142857143,16671.428571428572,pooled_source_P05_to_P95,reject_no_formal_conversion,435,307,linear_between_exact_isotonic_thresholds,round_after_interpolation_only_when_whole_steps_are_required,788.7867107816195,6301.767857142858,0.1251691158200241,0.2519394147372684,age_group,crosswalk_exact_knots.csv,analysis/crosswalk_converter.py,direction_index_and_use_boundaries,"Direction-specific re-expression of participant multi-day mean daily steps only; not true-step accuracy, health-threshold equivalence, or sample-marginal prevalence alignment.",775a590802a91fa8ed1860b58621b74566e4a1f4057fc26a94033cc18c07248a
1.1.1,vsrev_to_acti,vsrev,Verisense-revised,acti,ActiLife,False,steps/day,steps/day,participant_multi_day_mean_daily_steps,nonnegative_nondecreasing_isotonic_regression,8646,0.0,38310.28571428572,1584.392857142857,17553.839285714286,pooled_source_P05_to_P95,reject_no_formal_conversion,270,185,linear_between_exact_isotonic_thresholds,round_after_interpolation_only_when_whole_steps_are_required,1190.5012844312082,5482.084523809524,0.217162154151524,0.2830134855578993,age_group,crosswalk_exact_knots.csv,analysis/crosswalk_converter.py,direction_index_and_use_boundaries,"Direction-specific re-expression of participant multi-day mean daily steps only; not true-step accuracy, health-threshold equivalence, or sample-marginal prevalence alignment.",775a590802a91fa8ed1860b58621b74566e4a1f4057fc26a94033cc18c07248a
1.1.1,vsrev_to_adept,vsrev,Verisense-revised,adept,ADEPT,False,steps/day,steps/day,participant_multi_day_mean_daily_steps,nonnegative_nondecreasing_isotonic_regression,8646,0.0,38310.28571428572,1584.392857142857,17553.839285714286,pooled_source_P05_to_P95,reject_no_formal_conversion,206,142,linear_between_exact_isotonic_thresholds,round_after_interpolation_only_when_whole_steps_are_required,721.9521783958032,1919.4027944454592,0.3761337539390134,0.5021847747843555,sex,crosswalk_exact_knots.csv,analysis/crosswalk_converter.py,direction_index_and_use_boundaries,"Direction-specific re-expression of participant multi-day mean daily steps only; not true-step accuracy, health-threshold equivalence, or sample-marginal prevalence alignment.",775a590802a91fa8ed1860b58621b74566e4a1f4057fc26a94033cc18c07248a
1.1.1,vsrev_to_oak,vsrev,Verisense-revised,oak,Oak,False,steps/day,steps/day,participant_multi_day_mean_daily_steps,nonnegative_nondecreasing_isotonic_regression,8646,0.0,38310.28571428572,1584.392857142857,17553.839285714286,pooled_source_P05_to_P95,reject_no_formal_conversion,422,286,linear_between_exact_isotonic_thresholds,round_after_interpolation_only_when_whole_steps_are_required,947.2664773566944,6887.578571428576,0.1375325838439355,0.2132925563393987,age_group,crosswalk_exact_knots.csv,analysis/crosswalk_converter.py,direction_index_and_use_boundaries,"Direction-specific re-expression of participant multi-day mean daily steps only; not true-step accuracy, health-threshold equivalence, or sample-marginal prevalence alignment.",775a590802a91fa8ed1860b58621b74566e4a1f4057fc26a94033cc18c07248a
1.1.1,vsrev_to_scrf,vsrev,Verisense-revised,scrf,Stepcount-RF,False,steps/day,steps/day,participant_multi_day_mean_daily_steps,nonnegative_nondecreasing_isotonic_regression,8646,0.0,38310.28571428572,1584.392857142857,17553.839285714286,pooled_source_P05_to_P95,reject_no_formal_conversion,276,191,linear_between_exact_isotonic_thresholds,round_after_interpolation_only_when_whole_steps_are_required,1627.9782614801811,7482.482142857143,0.2175719541187634,0.2152130711973439,bmi_group,crosswalk_exact_knots.csv,analysis/crosswalk_converter.py,direction_index_and_use_boundaries,"Direction-specific re-expression of participant multi-day mean daily steps only; not true-step accuracy, health-threshold equivalence, or sample-marginal prevalence alignment.",775a590802a91fa8ed1860b58621b74566e4a1f4057fc26a94033cc18c07248a
1.1.1,vsrev_to_scssl,vsrev,Verisense-revised,scssl,Stepcount-SSL,False,steps/day,steps/day,participant_multi_day_mean_daily_steps,nonnegative_nondecreasing_isotonic_regression,8646,0.0,38310.28571428572,1584.392857142857,17553.839285714286,pooled_source_P05_to_P95,reject_no_formal_conversion,199,143,linear_between_exact_isotonic_thresholds,round_after_interpolation_only_when_whole_steps_are_required,1965.2107989004169,5813.0,0.3380717011698635,0.4020685113198904,sex,crosswalk_exact_knots.csv,analysis/crosswalk_converter.py,direction_index_and_use_boundaries,"Direction-specific re-expression of participant multi-day mean daily steps only; not true-step accuracy, health-threshold equivalence, or sample-marginal prevalence alignment.",775a590802a91fa8ed1860b58621b74566e4a1f4057fc26a94033cc18c07248a
1.1.1,vsrev_to_vs,vsrev,Verisense-revised,vs,Verisense,False,steps/day,steps/day,participant_multi_day_mean_daily_steps,nonnegative_nondecreasing_isotonic_regression,8646,0.0,38310.28571428572,1584.392857142857,17553.839285714286,pooled_source_P05_to_P95,reject_no_formal_conversion,442,327,linear_between_exact_isotonic_thresholds,round_after_interpolation_only_when_whole_steps_are_required,684.6475560852087,5559.857142857143,0.1231412136127973,0.2450804794441582,age_group,crosswalk_exact_knots.csv,analysis/crosswalk_converter.py,direction_index_and_use_boundaries,"Direction-specific re-expression of participant multi-day mean daily steps only; not true-step accuracy, health-threshold equivalence, or sample-marginal prevalence alignment.",775a590802a91fa8ed1860b58621b74566e4a1f4057fc26a94033cc18c07248a
