exposure,algorithm_a,algorithm_b,n_pair,pearson_r,spearman_r,mean_a_minus_b,median_a_minus_b,median_abs_diff,p95_abs_diff,bland_altman_lower_loa,bland_altman_upper_loa,note
daily_steps,acti,adept,8646,0.7301413276083666,0.7707712505396578,9420.19584765074,9139.789198704611,9139.789198704611,15059.908703785051,3039.304743762227,15801.086951539251,Unordered pairwise agreement on subjects with both exposures non-missing.
daily_steps,acti,oak,8646,0.9601958210219708,0.9581092974256517,572.4094845813627,619.635714285715,1151.8535714285715,3561.542857142855,-2792.624070843449,3937.4430400061738,Unordered pairwise agreement on subjects with both exposures non-missing.
daily_steps,acti,scrf,8646,0.9340298941207392,0.9360039995322784,761.1876752806143,1020.8571428571428,1695.7142857142858,5201.089285714284,-4273.0935941349035,5795.468944696133,Unordered pairwise agreement on subjects with both exposures non-missing.
daily_steps,acti,scssl,8646,0.8512391120764606,0.8488083569371904,3115.2062627364157,2965.7857142857147,3001.0,7190.023809523809,-1658.6616896038013,7889.074215076633,Unordered pairwise agreement on subjects with both exposures non-missing.
daily_steps,acti,vs,8646,0.9357075182185728,0.9375250421954224,2689.182653966051,2687.6190476190473,2704.857142857143,5134.446428571429,-314.32539269501285,5692.690700627115,Unordered pairwise agreement on subjects with both exposures non-missing.
daily_steps,acti,vsrev,8646,0.9299814347029092,0.926043077525293,3201.628182864633,3229.7142857142862,3246.583333333334,6145.035714285715,-422.2789610857212,6825.535326814987,Unordered pairwise agreement on subjects with both exposures non-missing.
daily_steps,adept,oak,8646,0.7794222639969854,0.8265151502166087,-8847.786363069376,-8438.55517565076,8438.55517565076,16310.639766989934,-17048.444691065888,-647.128035072863,Unordered pairwise agreement on subjects with both exposures non-missing.
daily_steps,adept,scrf,8646,0.7582193190432183,0.8206872757184811,-8659.008172370124,-8041.108791005821,8041.108791005821,17684.08058912634,-18318.793075842317,1000.7767311020708,Unordered pairwise agreement on subjects with both exposures non-missing.
daily_steps,adept,scssl,8646,0.8244119842189197,0.8546225891172968,-6304.989584914324,-5926.348045494773,5927.108809500458,12483.414624154222,-12972.323484686352,362.3443148577044,Unordered pairwise agreement on subjects with both exposures non-missing.
daily_steps,adept,vs,8646,0.7819082882557589,0.819409254248094,-6731.013193684688,-6420.023683823216,6420.023683823216,12451.641110461602,-13018.345576767431,-443.6808106019443,Unordered pairwise agreement on subjects with both exposures non-missing.
daily_steps,adept,vsrev,8646,0.7522273081275083,0.8096371698815571,-6218.5676647861055,-5622.856130819844,5622.856130819844,13259.15890732362,-13816.720637930914,1379.5853083587035,Unordered pairwise agreement on subjects with both exposures non-missing.
daily_steps,oak,scrf,8646,0.9496481071245352,0.9509876711135,188.77819069925144,302.67214285714135,1053.960714285714,3828.358928571435,-3604.9658389321976,3982.5222203307,Unordered pairwise agreement on subjects with both exposures non-missing.
daily_steps,oak,scssl,8646,0.8616063183982141,0.8533102582075384,2542.7967781550524,2303.1857142857157,2411.3535714285745,7174.1607142857165,-2742.06956368757,7827.663119997675,Unordered pairwise agreement on subjects with both exposures non-missing.
daily_steps,oak,vs,8646,0.9591008765924314,0.9626412007474686,2116.773169384688,2004.5619047619089,2037.8357142857171,5104.44970238095,-1214.4799520123588,5448.026290781735,Unordered pairwise agreement on subjects with both exposures non-missing.
daily_steps,oak,vsrev,8646,0.967086155912894,0.9692257000584972,2629.2186982832704,2566.0535714285725,2573.9500000000007,4914.596428571432,-49.0005346058806,5307.4379311724215,Unordered pairwise agreement on subjects with both exposures non-missing.
daily_steps,scrf,scssl,8646,0.9039203597699348,0.9077650308739866,2354.018587455801,1868.5142857142848,1918.499999999999,7164.4375,-2971.773040512383,7679.810215423985,Unordered pairwise agreement on subjects with both exposures non-missing.
daily_steps,scrf,vs,8646,0.9210983785288078,0.9272406621877078,1927.9949786854368,1604.9714285714283,1826.7142857142856,6662.535714285713,-3290.7497825012942,7146.739739872168,Unordered pairwise agreement on subjects with both exposures non-missing.
daily_steps,scrf,vsrev,8646,0.9290938814035796,0.9290796055770872,2440.440507584019,2251.857142857143,2316.267857142857,6515.892857142857,-2124.599139477606,7005.480154645644,Unordered pairwise agreement on subjects with both exposures non-missing.
daily_steps,scssl,vs,8646,0.8520324686432437,0.8522728446794824,-426.02360877036455,-314.2142857142853,1362.214285714285,4828.053571428572,-5205.87707628295,4353.829858742221,Unordered pairwise agreement on subjects with both exposures non-missing.
daily_steps,scssl,vsrev,8646,0.8214200990248636,0.8199679784440103,86.42192012821783,280.6428571428571,1641.4166666666663,5718.0,-5534.651170832232,5707.4950110886675,Unordered pairwise agreement on subjects with both exposures non-missing.
daily_steps,vs,vsrev,8646,0.9719314585508312,0.976842810029178,512.4455288985823,672.5714285714289,894.142857142857,2472.085714285714,-1962.4808802140776,2987.371938011242,Unordered pairwise agreement on subjects with both exposures non-missing.
peak30_cadence,acti,adept,8550,0.8366732671666095,0.8460910125139922,18.66918278748895,19.75067926836278,19.814417617579565,32.02910293182831,-0.2614308477315283,37.59979642270943,Unordered pairwise agreement on subjects with both exposures non-missing.
peak30_cadence,acti,oak,8642,0.909595174566324,0.916976590463118,-17.140315847669054,-17.615714285714326,17.622380952380997,29.37975694444451,-32.887142062639114,-1.3934896326989945,Unordered pairwise agreement on subjects with both exposures non-missing.
peak30_cadence,acti,scrf,8552,0.8377175626874617,0.8724281807776295,-29.891816162932276,-31.07619047619047,31.07619047619047,41.92595238095236,-47.15459194091536,-12.629040384949192,Unordered pairwise agreement on subjects with both exposures non-missing.
peak30_cadence,acti,scssl,8475,0.8585455038574643,0.8805286586714803,-27.733237617642924,-28.428571428571445,28.428571428571445,40.39666666666666,-44.850100815333775,-10.61637441995207,Unordered pairwise agreement on subjects with both exposures non-missing.
peak30_cadence,acti,vs,8644,0.914194948435197,0.9102838097215888,-4.430063077058681,-4.223015873015871,5.338095238095249,16.934523809523817,-18.633981006742697,9.77385485262533,Unordered pairwise agreement on subjects with both exposures non-missing.
peak30_cadence,acti,vsrev,8626,0.9132400977167588,0.9183722073848612,-10.678890195385677,-11.14285714285715,11.410317460317463,24.63333333333332,-28.36778385007803,7.010003459306686,Unordered pairwise agreement on subjects with both exposures non-missing.
peak30_cadence,adept,oak,8549,0.8707812872569716,0.902272909235671,-36.01977347209667,-36.937867547501455,36.937867547501455,48.76906968884026,-53.74026262917663,-18.29928431501671,Unordered pairwise agreement on subjects with both exposures non-missing.
peak30_cadence,adept,scrf,8510,0.7815353453800122,0.8367506246374504,-48.67923824030102,-49.86829227480629,49.86829227480629,64.90428483783835,-70.4884548850883,-26.870021595513737,Unordered pairwise agreement on subjects with both exposures non-missing.
peak30_cadence,adept,scssl,8428,0.8219993885316308,0.8732825888790106,-46.52186904521529,-47.34850555122627,47.351784881641365,61.23392610433073,-66.5677884033404,-26.47594968709018,Unordered pairwise agreement on subjects with both exposures non-missing.
peak30_cadence,adept,vs,8550,0.8901440624171817,0.8996608587490458,-23.223212602767887,-23.81351607841334,23.828385769563265,34.991489371528694,-39.19889206523038,-7.247533140305395,Unordered pairwise agreement on subjects with both exposures non-missing.
peak30_cadence,adept,vsrev,8550,0.8370312898091296,0.8530725208201816,-29.5291073117626,-30.065884011523345,30.076839483277745,45.886530204667366,-50.781230830840855,-8.276983792684344,Unordered pairwise agreement on subjects with both exposures non-missing.
peak30_cadence,oak,scrf,8551,0.943237450174424,0.9488069288207618,-12.569780790513638,-12.813571428571407,12.813571428571407,21.844999999999978,-24.46770555666115,-0.6718560243661233,Unordered pairwise agreement on subjects with both exposures non-missing.
peak30_cadence,oak,scssl,8475,0.9305599819787176,0.9463736322422444,-10.309038229620215,-10.005238095238036,10.052380952380917,20.56523809523804,-23.120876765898135,2.5028003066577043,Unordered pairwise agreement on subjects with both exposures non-missing.
peak30_cadence,oak,vs,8641,0.9531706018805172,0.9458290740844472,12.708713565633069,12.895238095238136,12.900476190476232,21.402857142857187,1.6243327749731655,23.793094356292972,Unordered pairwise agreement on subjects with both exposures non-missing.
peak30_cadence,oak,vsrev,8625,0.9507946818610652,0.9427274537670932,6.499668682309688,6.884047619047671,7.170000000000073,15.78046666666673,-5.895896791709063,18.89523415632844,Unordered pairwise agreement on subjects with both exposures non-missing.
peak30_cadence,scrf,scssl,8459,0.9409943801741932,0.950710763570398,2.3180481857399933,1.714285714285694,2.5,12.543015873015865,-8.910767717935753,13.54686408941574,Unordered pairwise agreement on subjects with both exposures non-missing.
peak30_cadence,scrf,vs,8552,0.8829832138128078,0.8879716588990989,25.360197271222177,25.942857142857136,25.942857142857136,37.47619047619047,9.50624718285971,41.21414735958464,Unordered pairwise agreement on subjects with both exposures non-missing.
peak30_cadence,scrf,vsrev,8549,0.9243694365846769,0.9415976169296688,19.066231583755272,19.728571428571417,19.742857142857147,30.485714285714284,3.5686377864310135,34.56382538107953,Unordered pairwise agreement on subjects with both exposures non-missing.
peak30_cadence,scssl,vs,8475,0.8942703774237823,0.9086311126382914,23.14117985672145,23.32857142857143,23.32857142857143,34.67678571428571,7.810633855965063,38.47172585747784,Unordered pairwise agreement on subjects with both exposures non-missing.
peak30_cadence,scssl,vsrev,8472,0.92263225421559,0.926045703982916,16.824099667251225,16.773809523809526,16.787777777777766,28.958412698412697,1.8358502153515364,31.812349119150916,Unordered pairwise agreement on subjects with both exposures non-missing.
peak30_cadence,vs,vsrev,8626,0.9513129797006326,0.9463105260384432,-6.221219835565418,-5.880952380952383,6.04666666666667,16.591666666666676,-18.958922865975968,6.516483194845132,Unordered pairwise agreement on subjects with both exposures non-missing.
