scope,method,source_algorithm,target_algorithm,train_cycle,test_cycle,n_train,n_test,n_covered,coverage_pct,train_source_p05,train_source_p95,complete_test_cycle_target_iqr,transport_all_test_E,transport_release_domain_mae,transport_release_domain_abs_error_p95,transport_release_domain_E,transport_delta_E_domain_minus_all_test,within_test_oof_all_test_E,within_test_oof_release_domain_mae,within_test_oof_release_domain_abs_error_p95,within_test_oof_release_domain_E,within_test_oof_delta_E_domain_minus_all_test,transport_penalty_E_on_same_covered_test,range_rule,fit_rule,comparison_rule,interpretation
cross_cycle_training_range_applied_to_test_cycle,isotonic,acti,adept,2011-2012_G,2013-2014_H,4284,4362,3948,90.5089408528198,5168.4571428571435,19321.135714285716,1849.3392494134814,0.4157044362344749,754.343698179897,1971.4690549613713,0.4078990365986865,-0.0078053996357884126,0.4106893798804505,743.2474094768269,1985.77379415178,0.4018988996813581,-0.008790480199092399,0.006000136917328369,inclusive source P05-P95 derived from the complete training cycle only,transport isotonic fit used the complete training cycle without trimming,transported and within-test OOF predictions evaluated on identical covered test participants,release-domain sensitivity; not external validation or a validated range
cross_cycle_training_range_applied_to_test_cycle,isotonic,acti,oak,2011-2012_G,2013-2014_H,4284,4362,3948,90.5089408528198,5168.4571428571435,19321.135714285716,6872.7362500000045,0.1638935255255645,1117.0249900613608,2844.5370164793853,0.16252987884721462,-0.0013636466783498724,0.16451569722676826,1122.2389161344627,2877.09773494709,0.163288517893359,-0.0012271793334092673,-0.0007586390461443715,inclusive source P05-P95 derived from the complete training cycle only,transport isotonic fit used the complete training cycle without trimming,transported and within-test OOF predictions evaluated on identical covered test participants,release-domain sensitivity; not external validation or a validated range
cross_cycle_training_range_applied_to_test_cycle,isotonic,acti,scrf,2011-2012_G,2013-2014_H,4284,4362,3948,90.5089408528198,5168.4571428571435,19321.135714285716,7497.928571428572,0.20897593813658633,1512.42216742955,3921.836327947842,0.20171199992391897,-0.0072639382126673535,0.2065409742803122,1496.9026619164567,3971.002631222942,0.1996421608523344,-0.006898813427977796,0.0020698390715845616,inclusive source P05-P95 derived from the complete training cycle only,transport isotonic fit used the complete training cycle without trimming,transported and within-test OOF predictions evaluated on identical covered test participants,release-domain sensitivity; not external validation or a validated range
cross_cycle_training_range_applied_to_test_cycle,isotonic,acti,scssl,2011-2012_G,2013-2014_H,4284,4362,3948,90.5089408528198,5168.4571428571435,19321.135714285716,5772.830357142857,0.3164383449189752,1774.5687563796287,4615.3624619047605,0.3074001220534592,-0.009038222865516032,0.3171396779608228,1775.8831222875426,4643.673806410381,0.3076278034205875,-0.009511874540235332,-0.00022768136712830733,inclusive source P05-P95 derived from the complete training cycle only,transport isotonic fit used the complete training cycle without trimming,transported and within-test OOF predictions evaluated on identical covered test participants,release-domain sensitivity; not external validation or a validated range
cross_cycle_training_range_applied_to_test_cycle,isotonic,acti,vs,2011-2012_G,2013-2014_H,4284,4362,3948,90.5089408528198,5168.4571428571435,19321.135714285716,5573.696428571429,0.1992625021060403,1103.6160948595505,2900.9164860163237,0.19800434218165944,-0.0012581599243808583,0.1991439529447559,1099.8474296581173,2890.7583365021756,0.19732819032270377,-0.0018157626220521306,0.0006761518589556703,inclusive source P05-P95 derived from the complete training cycle only,transport isotonic fit used the complete training cycle without trimming,transported and within-test OOF predictions evaluated on identical covered test participants,release-domain sensitivity; not external validation or a validated range
cross_cycle_training_range_applied_to_test_cycle,isotonic,acti,vsrev,2011-2012_G,2013-2014_H,4284,4362,3948,90.5089408528198,5168.4571428571435,19321.135714285716,6282.214285714286,0.21575480556380272,1341.3724571165162,3453.93688462372,0.2135190549241194,-0.002235750639683315,0.21619041908286302,1348.074921125774,3391.4849613481742,0.21458595008312395,-0.001604468999739067,-0.001066895159004544,inclusive source P05-P95 derived from the complete training cycle only,transport isotonic fit used the complete training cycle without trimming,transported and within-test OOF predictions evaluated on identical covered test participants,release-domain sensitivity; not external validation or a validated range
cross_cycle_training_range_applied_to_test_cycle,isotonic,adept,acti,2011-2012_G,2013-2014_H,4284,4362,3976,91.1508482347547,386.15126562906397,5587.881138403475,5495.6785714285725,0.3745920763653639,2070.277066131341,5233.576455938697,0.37670999845123465,0.0021179220858707493,0.3759480793307962,2071.2703154182423,5239.77356319953,0.37689073123500133,0.0009426519042051162,-0.00018073278376667945,inclusive source P05-P95 derived from the complete training cycle only,transport isotonic fit used the complete training cycle without trimming,transported and within-test OOF predictions evaluated on identical covered test participants,release-domain sensitivity; not external validation or a validated range
cross_cycle_training_range_applied_to_test_cycle,isotonic,adept,oak,2011-2012_G,2013-2014_H,4284,4362,3976,91.1508482347547,386.15126562906397,5587.881138403475,6872.7362500000045,0.3284816402782551,2288.5580523017065,5902.679159083107,0.332990816038038,0.00450917575978288,0.33044884277839764,2296.2588527870516,5890.266662764552,0.3341113014175468,0.0036624586391491576,-0.0011204853795088177,inclusive source P05-P95 derived from the complete training cycle only,transport isotonic fit used the complete training cycle without trimming,transported and within-test OOF predictions evaluated on identical covered test participants,release-domain sensitivity; not external validation or a validated range
cross_cycle_training_range_applied_to_test_cycle,isotonic,adept,scrf,2011-2012_G,2013-2014_H,4284,4362,3976,91.1508482347547,386.15126562906397,5587.881138403475,7497.928571428572,0.3497562665912568,2628.357836962439,7053.532881168336,0.3505445286552871,0.0007882620640303206,0.3557588094374532,2664.79830728898,7065.363223305516,0.3554046003376716,-0.00035420909978162163,-0.004860071682384448,inclusive source P05-P95 derived from the complete training cycle only,transport isotonic fit used the complete training cycle without trimming,transported and within-test OOF predictions evaluated on identical covered test participants,release-domain sensitivity; not external validation or a validated range
cross_cycle_training_range_applied_to_test_cycle,isotonic,adept,scssl,2011-2012_G,2013-2014_H,4284,4362,3976,91.1508482347547,386.15126562906397,5587.881138403475,5772.830357142857,0.31131218937470806,1768.0426701402027,4662.89016817865,0.30626963911256505,-0.0050425502621430085,0.31525302480370043,1784.1197788140692,4693.703070384443,0.3090546003324931,-0.006198424471207331,-0.0027849612199280505,inclusive source P05-P95 derived from the complete training cycle only,transport isotonic fit used the complete training cycle without trimming,transported and within-test OOF predictions evaluated on identical covered test participants,release-domain sensitivity; not external validation or a validated range
cross_cycle_training_range_applied_to_test_cycle,isotonic,adept,vs,2011-2012_G,2013-2014_H,4284,4362,3976,91.1508482347547,386.15126562906397,5587.881138403475,5573.696428571429,0.3322363332067393,1873.8277081262008,4729.147658021542,0.3361912031162547,0.003954869909515435,0.3339695062126964,1880.5163914966888,4787.437228386503,0.3373912475492814,0.0034217413365850158,-0.0012000444330266813,inclusive source P05-P95 derived from the complete training cycle only,transport isotonic fit used the complete training cycle without trimming,transported and within-test OOF predictions evaluated on identical covered test participants,release-domain sensitivity; not external validation or a validated range
cross_cycle_training_range_applied_to_test_cycle,isotonic,adept,vsrev,2011-2012_G,2013-2014_H,4284,4362,3976,91.1508482347547,386.15126562906397,5587.881138403475,6282.214285714286,0.35104188795775604,2232.100653946813,5915.616015280156,0.35530476237058567,0.004262874412829631,0.3537327312325915,2245.7089502670824,5847.273689668173,0.3574709247619601,0.0037381935293685498,-0.0021661623913744044,inclusive source P05-P95 derived from the complete training cycle only,transport isotonic fit used the complete training cycle without trimming,transported and within-test OOF predictions evaluated on identical covered test participants,release-domain sensitivity; not external validation or a validated range
cross_cycle_training_range_applied_to_test_cycle,isotonic,oak,acti,2011-2012_G,2013-2014_H,4284,4362,3925,89.98165978908757,3110.903571428572,20710.988214285724,5495.6785714285725,0.16591983934743235,895.430819080063,2263.6217823675647,0.16293362274411557,-0.0029862166033167714,0.1656628640626187,893.810495918452,2254.1608179054992,0.16263878687616018,-0.003024077186458529,0.0002948358679553953,inclusive source P05-P95 derived from the complete training cycle only,transport isotonic fit used the complete training cycle without trimming,transported and within-test OOF predictions evaluated on identical covered test participants,release-domain sensitivity; not external validation or a validated range
cross_cycle_training_range_applied_to_test_cycle,isotonic,oak,adept,2011-2012_G,2013-2014_H,4284,4362,3925,89.98165978908757,3110.903571428572,20710.988214285724,1849.3392494134814,0.37131851670976707,672.4027841142344,1786.617291352018,0.3635908253866818,-0.007727691323085262,0.3635545924148948,657.4261268548262,1789.9473051702412,0.3554924425376951,-0.00806214987719972,0.00809838284898673,inclusive source P05-P95 derived from the complete training cycle only,transport isotonic fit used the complete training cycle without trimming,transported and within-test OOF predictions evaluated on identical covered test participants,release-domain sensitivity; not external validation or a validated range
cross_cycle_training_range_applied_to_test_cycle,isotonic,oak,scrf,2011-2012_G,2013-2014_H,4284,4362,3925,89.98165978908757,3110.903571428572,20710.988214285724,7497.928571428572,0.1838919157598777,1352.4593058697706,3654.27569836294,0.18037772605935723,-0.003514189700520476,0.1832781773376262,1340.8706656582192,3615.175879092601,0.17883214715697734,-0.004446030180648847,0.001545578902379885,inclusive source P05-P95 derived from the complete training cycle only,transport isotonic fit used the complete training cycle without trimming,transported and within-test OOF predictions evaluated on identical covered test participants,release-domain sensitivity; not external validation or a validated range
cross_cycle_training_range_applied_to_test_cycle,isotonic,oak,scssl,2011-2012_G,2013-2014_H,4284,4362,3925,89.98165978908757,3110.903571428572,20710.988214285724,5772.830357142857,0.3119006968452754,1765.0791809052048,4497.733208570044,0.3057562879396294,-0.006144408905645993,0.3127793964959904,1771.5653181670655,4508.676985133728,0.3068798507087718,-0.00589954578721863,-0.0011235627691423833,inclusive source P05-P95 derived from the complete training cycle only,transport isotonic fit used the complete training cycle without trimming,transported and within-test OOF predictions evaluated on identical covered test participants,release-domain sensitivity; not external validation or a validated range
cross_cycle_training_range_applied_to_test_cycle,isotonic,oak,vs,2011-2012_G,2013-2014_H,4284,4362,3925,89.98165978908757,3110.903571428572,20710.988214285724,5573.696428571429,0.1510449469804421,836.6142168103717,2206.259873873873,0.1501004275227097,-0.0009445194577324123,0.15154441721963718,840.6112833482724,2205.9933920265735,0.150817557813016,-0.0007268594066211775,-0.000717130290306317,inclusive source P05-P95 derived from the complete training cycle only,transport isotonic fit used the complete training cycle without trimming,transported and within-test OOF predictions evaluated on identical covered test participants,release-domain sensitivity; not external validation or a validated range
cross_cycle_training_range_applied_to_test_cycle,isotonic,oak,vsrev,2011-2012_G,2013-2014_H,4284,4362,3925,89.98165978908757,3110.903571428572,20710.988214285724,6282.214285714286,0.14116240952002482,877.292205828228,2402.2778970254762,0.13964697253692615,-0.001515436983098667,0.14083263167479904,876.3017310867102,2393.3698518518504,0.13948930922006506,-0.0013433224547339806,0.00015766331686109525,inclusive source P05-P95 derived from the complete training cycle only,transport isotonic fit used the complete training cycle without trimming,transported and within-test OOF predictions evaluated on identical covered test participants,release-domain sensitivity; not external validation or a validated range
cross_cycle_training_range_applied_to_test_cycle,isotonic,scrf,acti,2011-2012_G,2013-2014_H,4284,4362,3903,89.47730398899587,2234.65,21836.312857142857,5495.6785714285725,0.2049303155425789,1100.9151139343887,2716.9709467120138,0.20032378160868525,-0.004606533933893653,0.20302737522910402,1086.356707330994,2771.552568340749,0.19767471718212248,-0.00535265804698154,0.002649064426562764,inclusive source P05-P95 derived from the complete training cycle only,transport isotonic fit used the complete training cycle without trimming,transported and within-test OOF predictions evaluated on identical covered test participants,release-domain sensitivity; not external validation or a validated range
cross_cycle_training_range_applied_to_test_cycle,isotonic,scrf,adept,2011-2012_G,2013-2014_H,4284,4362,3903,89.47730398899587,2234.65,21836.312857142857,1849.3392494134814,0.38457396442632974,693.2305445801089,1840.2650883254962,0.37485309674791534,-0.009720867678414402,0.37240051919523226,664.6828021872063,1864.6985015069336,0.359416371224485,-0.012984147970747262,0.015436725523430339,inclusive source P05-P95 derived from the complete training cycle only,transport isotonic fit used the complete training cycle without trimming,transported and within-test OOF predictions evaluated on identical covered test participants,release-domain sensitivity; not external validation or a validated range
cross_cycle_training_range_applied_to_test_cycle,isotonic,scrf,oak,2011-2012_G,2013-2014_H,4284,4362,3903,89.47730398899587,2234.65,21836.312857142857,6872.7362500000045,0.17919346510584042,1214.5811326977619,3135.241638923893,0.1767245371445414,-0.0024689279612990223,0.17739239950619312,1201.7407307828896,3123.757448097754,0.1748562271370284,-0.0025361723691647298,0.0018683100075130021,inclusive source P05-P95 derived from the complete training cycle only,transport isotonic fit used the complete training cycle without trimming,transported and within-test OOF predictions evaluated on identical covered test participants,release-domain sensitivity; not external validation or a validated range
cross_cycle_training_range_applied_to_test_cycle,isotonic,scrf,scssl,2011-2012_G,2013-2014_H,4284,4362,3903,89.47730398899587,2234.65,21836.312857142857,5772.830357142857,0.2488691803021581,1383.553864639093,3729.1318797744234,0.23966646844683212,-0.009202711855325979,0.2482604245837488,1379.6446462524748,3639.4507387236404,0.238989293102197,-0.009271131481551814,0.0006771753446351281,inclusive source P05-P95 derived from the complete training cycle only,transport isotonic fit used the complete training cycle without trimming,transported and within-test OOF predictions evaluated on identical covered test participants,release-domain sensitivity; not external validation or a validated range
cross_cycle_training_range_applied_to_test_cycle,isotonic,scrf,vs,2011-2012_G,2013-2014_H,4284,4362,3903,89.47730398899587,2234.65,21836.312857142857,5573.696428571429,0.2182374095576786,1190.8247623603513,3140.4070975056648,0.213650811023012,-0.004586598534666586,0.21449213537422618,1169.1221021076003,3163.3360365284766,0.20975704670863338,-0.0047350886655928015,0.0038937643143786282,inclusive source P05-P95 derived from the complete training cycle only,transport isotonic fit used the complete training cycle without trimming,transported and within-test OOF predictions evaluated on identical covered test participants,release-domain sensitivity; not external validation or a validated range
cross_cycle_training_range_applied_to_test_cycle,isotonic,scrf,vsrev,2011-2012_G,2013-2014_H,4284,4362,3903,89.47730398899587,2234.65,21836.312857142857,6282.214285714286,0.21451915498759877,1327.0835511119453,3552.652070045803,0.2112445533941312,-0.0032746015934675687,0.21172006282203876,1311.3941543658214,3535.89258249158,0.20874712238771018,-0.0029729404343285804,0.0024974310064210248,inclusive source P05-P95 derived from the complete training cycle only,transport isotonic fit used the complete training cycle without trimming,transported and within-test OOF predictions evaluated on identical covered test participants,release-domain sensitivity; not external validation or a validated range
cross_cycle_training_range_applied_to_test_cycle,isotonic,scssl,acti,2011-2012_G,2013-2014_H,4284,4362,3932,90.1421366345713,1888.9285714285713,17020.43571428571,5495.6785714285725,0.3111462080034028,1693.917267495767,4230.946678604042,0.30822713619065284,-0.0029190718127499737,0.311699282131086,1691.0374485498019,4262.337774594452,0.3077031210197262,-0.003996161111359808,0.0005240151709266505,inclusive source P05-P95 derived from the complete training cycle only,transport isotonic fit used the complete training cycle without trimming,transported and within-test OOF predictions evaluated on identical covered test participants,release-domain sensitivity; not external validation or a validated range
cross_cycle_training_range_applied_to_test_cycle,isotonic,scssl,adept,2011-2012_G,2013-2014_H,4284,4362,3932,90.1421366345713,1888.9285714285713,17020.43571428571,1849.3392494134814,0.3320136515429621,594.3258698147258,1591.2504984434106,0.32137200895034074,-0.010641642592621348,0.32812469992348503,581.1700849500963,1586.3450732924455,0.3142582331145649,-0.01386646680892012,0.007113775835775826,inclusive source P05-P95 derived from the complete training cycle only,transport isotonic fit used the complete training cycle without trimming,transported and within-test OOF predictions evaluated on identical covered test participants,release-domain sensitivity; not external validation or a validated range
cross_cycle_training_range_applied_to_test_cycle,isotonic,scssl,oak,2011-2012_G,2013-2014_H,4284,4362,3932,90.1421366345713,1888.9285714285713,17020.43571428571,6872.7362500000045,0.30492593054360845,2097.247315743145,5289.642564188135,0.30515463411579974,0.00022870357219129112,0.3049546998594105,2094.4914269324054,5345.815882493603,0.3047536455269041,-0.0002010543325063896,0.0004009885888956455,inclusive source P05-P95 derived from the complete training cycle only,transport isotonic fit used the complete training cycle without trimming,transported and within-test OOF predictions evaluated on identical covered test participants,release-domain sensitivity; not external validation or a validated range
cross_cycle_training_range_applied_to_test_cycle,isotonic,scssl,scrf,2011-2012_G,2013-2014_H,4284,4362,3932,90.1421366345713,1888.9285714285713,17020.43571428571,7497.928571428572,0.24981980686315292,1856.0728456319698,4936.146887343356,0.24754474891967854,-0.002275057943474379,0.2524434363313769,1873.8314153617766,4882.441182027646,0.24991321236403266,-0.0025302239673442306,-0.002368463444354124,inclusive source P05-P95 derived from the complete training cycle only,transport isotonic fit used the complete training cycle without trimming,transported and within-test OOF predictions evaluated on identical covered test participants,release-domain sensitivity; not external validation or a validated range
cross_cycle_training_range_applied_to_test_cycle,isotonic,scssl,vs,2011-2012_G,2013-2014_H,4284,4362,3932,90.1421366345713,1888.9285714285713,17020.43571428571,5573.696428571429,0.3016885919156572,1674.7132549805797,4364.552266725159,0.3004672530057074,-0.0012213389099497984,0.30025917183204537,1665.9089220993048,4359.934532312923,0.29888763111669625,-0.0013715407153491177,0.0015796218890111735,inclusive source P05-P95 derived from the complete training cycle only,transport isotonic fit used the complete training cycle without trimming,transported and within-test OOF predictions evaluated on identical covered test participants,release-domain sensitivity; not external validation or a validated range
cross_cycle_training_range_applied_to_test_cycle,isotonic,scssl,vsrev,2011-2012_G,2013-2014_H,4284,4362,3932,90.1421366345713,1888.9285714285713,17020.43571428571,6282.214285714286,0.33749138176807686,2111.4909163612256,5546.27263651656,0.33610615944170225,-0.0013852223263746133,0.33634931574464916,2104.6172195376776,5483.955653833564,0.3350120075215459,-0.0013373082231032396,0.0010941519201563277,inclusive source P05-P95 derived from the complete training cycle only,transport isotonic fit used the complete training cycle without trimming,transported and within-test OOF predictions evaluated on identical covered test participants,release-domain sensitivity; not external validation or a validated range
cross_cycle_training_range_applied_to_test_cycle,isotonic,vs,acti,2011-2012_G,2013-2014_H,4284,4362,3930,90.09628610729024,2612.7357142857145,16766.33571428571,5495.6785714285725,0.20237422416798762,1076.3391332768565,2801.886167091833,0.19585190787405674,-0.00652231629393088,0.20408458935373872,1079.1831600507337,2778.495189152992,0.19636941026014296,-0.007715179093595759,-0.0005175023860862216,inclusive source P05-P95 derived from the complete training cycle only,transport isotonic fit used the complete training cycle without trimming,transported and within-test OOF predictions evaluated on identical covered test participants,release-domain sensitivity; not external validation or a validated range
cross_cycle_training_range_applied_to_test_cycle,isotonic,vs,adept,2011-2012_G,2013-2014_H,4284,4362,3930,90.09628610729024,2612.7357142857145,16766.33571428571,1849.3392494134814,0.3743765523171712,677.8887663573255,1795.9071167024745,0.36655728070029236,-0.007819271616878842,0.3690273115163131,665.6251602782721,1773.0573913125545,0.35992593597382166,-0.009101375542491408,0.0066313447264707,inclusive source P05-P95 derived from the complete training cycle only,transport isotonic fit used the complete training cycle without trimming,transported and within-test OOF predictions evaluated on identical covered test participants,release-domain sensitivity; not external validation or a validated range
cross_cycle_training_range_applied_to_test_cycle,isotonic,vs,oak,2011-2012_G,2013-2014_H,4284,4362,3930,90.09628610729024,2612.7357142857145,16766.33571428571,6872.7362500000045,0.15285933297550638,1012.2152615084065,2772.32938750518,0.14727980598824897,-0.005579526987257416,0.15312639402021352,1015.1343683293402,2761.479049724241,0.1477045431984007,-0.005421850821812818,-0.0004247372101517377,inclusive source P05-P95 derived from the complete training cycle only,transport isotonic fit used the complete training cycle without trimming,transported and within-test OOF predictions evaluated on identical covered test participants,release-domain sensitivity; not external validation or a validated range
cross_cycle_training_range_applied_to_test_cycle,isotonic,vs,scrf,2011-2012_G,2013-2014_H,4284,4362,3930,90.09628610729024,2612.7357142857145,16766.33571428571,7497.928571428572,0.22555756370001198,1631.9305317589467,4583.127876308417,0.21765085065994658,-0.007906713040065405,0.22462458551262446,1622.3719626228578,4460.084036458331,0.21637602267978784,-0.00824856283283662,0.001274827980158738,inclusive source P05-P95 derived from the complete training cycle only,transport isotonic fit used the complete training cycle without trimming,transported and within-test OOF predictions evaluated on identical covered test participants,release-domain sensitivity; not external validation or a validated range
cross_cycle_training_range_applied_to_test_cycle,isotonic,vs,scssl,2011-2012_G,2013-2014_H,4284,4362,3930,90.09628610729024,2612.7357142857145,16766.33571428571,5772.830357142857,0.3112113690470517,1730.8030735217149,4587.550806197479,0.2998188005611757,-0.011392568485875998,0.3139644727682268,1740.1842231635826,4682.399480700972,0.30144385258271317,-0.012520620185513642,-0.0016250520215374542,inclusive source P05-P95 derived from the complete training cycle only,transport isotonic fit used the complete training cycle without trimming,transported and within-test OOF predictions evaluated on identical covered test participants,release-domain sensitivity; not external validation or a validated range
cross_cycle_training_range_applied_to_test_cycle,isotonic,vs,vsrev,2011-2012_G,2013-2014_H,4284,4362,3930,90.09628610729024,2612.7357142857145,16766.33571428571,6282.214285714286,0.1250178838609207,750.7559134523275,2057.9841071428564,0.11950498332403935,-0.005512900536881346,0.12563160029305026,754.6291828728479,2004.4571666092932,0.12012152858091289,-0.005510071712137368,-0.0006165452568735463,inclusive source P05-P95 derived from the complete training cycle only,transport isotonic fit used the complete training cycle without trimming,transported and within-test OOF predictions evaluated on identical covered test participants,release-domain sensitivity; not external validation or a validated range
cross_cycle_training_range_applied_to_test_cycle,isotonic,vsrev,acti,2011-2012_G,2013-2014_H,4284,4362,3932,90.1421366345713,1579.0857142857144,17565.10714285714,5495.6785714285725,0.21616426196243926,1173.3347987762243,2830.2483023809505,0.21350135083886868,-0.0026629111235705882,0.21736425330169326,1179.3265199558678,2896.1392292668265,0.21459161132295043,-0.002772641978742829,-0.0010902604840817565,inclusive source P05-P95 derived from the complete training cycle only,transport isotonic fit used the complete training cycle without trimming,transported and within-test OOF predictions evaluated on identical covered test participants,release-domain sensitivity; not external validation or a validated range
cross_cycle_training_range_applied_to_test_cycle,isotonic,vsrev,adept,2011-2012_G,2013-2014_H,4284,4362,3932,90.1421366345713,1579.0857142857144,17565.10714285714,1849.3392494134814,0.38876271405560514,699.2632759962355,1845.9223739327497,0.37811519774860514,-0.010647516307000005,0.3822933882646171,683.6664652611978,1853.7529119935725,0.36968147703458026,-0.012611911230036854,0.008433720714024873,inclusive source P05-P95 derived from the complete training cycle only,transport isotonic fit used the complete training cycle without trimming,transported and within-test OOF predictions evaluated on identical covered test participants,release-domain sensitivity; not external validation or a validated range
cross_cycle_training_range_applied_to_test_cycle,isotonic,vsrev,oak,2011-2012_G,2013-2014_H,4284,4362,3932,90.1421366345713,1579.0857142857144,17565.10714285714,6872.7362500000045,0.13894513865172478,948.4928606446374,2515.683563769762,0.138008040195728,-0.0009370984559967932,0.13876704417626612,945.3115167355425,2499.904437102127,0.13754514684534008,-0.0012218973309260361,0.00046289335038790513,inclusive source P05-P95 derived from the complete training cycle only,transport isotonic fit used the complete training cycle without trimming,transported and within-test OOF predictions evaluated on identical covered test participants,release-domain sensitivity; not external validation or a validated range
cross_cycle_training_range_applied_to_test_cycle,isotonic,vsrev,scrf,2011-2012_G,2013-2014_H,4284,4362,3932,90.1421366345713,1579.0857142857144,17565.10714285714,7497.928571428572,0.22031294139617288,1606.0846280552535,4393.258739711039,0.21420377811751387,-0.006109163278659013,0.21981960034408052,1603.2351136528378,4365.318624121779,0.2138237379003699,-0.0059958624437106145,0.00038004021714396763,inclusive source P05-P95 derived from the complete training cycle only,transport isotonic fit used the complete training cycle without trimming,transported and within-test OOF predictions evaluated on identical covered test participants,release-domain sensitivity; not external validation or a validated range
cross_cycle_training_range_applied_to_test_cycle,isotonic,vsrev,scssl,2011-2012_G,2013-2014_H,4284,4362,3932,90.1421366345713,1579.0857142857144,17565.10714285714,5772.830357142857,0.3438916001938685,1925.9864304929474,5034.952633662406,0.3336294869829112,-0.010262113210957269,0.3455904893117323,1931.9539570863196,5005.284573045264,0.33466321328771914,-0.010927276024013166,-0.0010337263048079137,inclusive source P05-P95 derived from the complete training cycle only,transport isotonic fit used the complete training cycle without trimming,transported and within-test OOF predictions evaluated on identical covered test participants,release-domain sensitivity; not external validation or a validated range
cross_cycle_training_range_applied_to_test_cycle,isotonic,vsrev,vs,2011-2012_G,2013-2014_H,4284,4362,3932,90.1421366345713,1579.0857142857144,17565.10714285714,5573.696428571429,0.12178444110342662,661.1024932089881,1692.7856606259213,0.11861114104099718,-0.0031733000624294405,0.12275152090298527,665.9152837491354,1708.651721611723,0.1194746237587635,-0.0032768971442217742,-0.0008634827177663174,inclusive source P05-P95 derived from the complete training cycle only,transport isotonic fit used the complete training cycle without trimming,transported and within-test OOF predictions evaluated on identical covered test participants,release-domain sensitivity; not external validation or a validated range
cross_cycle_training_range_applied_to_test_cycle,isotonic,acti,adept,2013-2014_H,2011-2012_G,4362,4284,3833,89.47245564892624,5371.573809523809,19318.516666666666,1976.421748581889,0.39584185296202684,779.974156854554,2206.6676935762657,0.3946395334974414,-0.001202319464585433,0.39968719450141105,791.8940323766636,2132.8341353655733,0.40067057192871863,0.0009833774273075857,-0.006031038431277225,inclusive source P05-P95 derived from the complete training cycle only,transport isotonic fit used the complete training cycle without trimming,transported and within-test OOF predictions evaluated on identical covered test participants,release-domain sensitivity; not external validation or a validated range
cross_cycle_training_range_applied_to_test_cycle,isotonic,acti,oak,2013-2014_H,2011-2012_G,4362,4284,3833,89.47245564892624,5371.573809523809,19318.516666666666,6851.060267857142,0.16188998387745246,1097.325340663695,2889.519554494523,0.16016868889797603,-0.0017212949794764287,0.1622598668009404,1097.3429526255923,2909.09448264133,0.16017125958940315,-0.0020886072115372523,-2.5706914271173e-06,inclusive source P05-P95 derived from the complete training cycle only,transport isotonic fit used the complete training cycle without trimming,transported and within-test OOF predictions evaluated on identical covered test participants,release-domain sensitivity; not external validation or a validated range
cross_cycle_training_range_applied_to_test_cycle,isotonic,acti,scrf,2013-2014_H,2011-2012_G,4362,4284,3833,89.47245564892624,5371.573809523809,19318.516666666666,7474.0,0.20622561157197392,1495.0785347055576,4091.230539041701,0.20003726715353995,-0.006188344418433966,0.20806193272618534,1504.7702588257748,4094.8151071817915,0.20133399235025085,-0.006727940375934494,-0.0012967251967108961,inclusive source P05-P95 derived from the complete training cycle only,transport isotonic fit used the complete training cycle without trimming,transported and within-test OOF predictions evaluated on identical covered test participants,release-domain sensitivity; not external validation or a validated range
cross_cycle_training_range_applied_to_test_cycle,isotonic,acti,scssl,2013-2014_H,2011-2012_G,4362,4284,3833,89.47245564892624,5371.573809523809,19318.516666666666,5817.178571428572,0.30758036837375347,1751.101913416453,4560.893095397353,0.301022547600154,-0.006557820773599454,0.30669679534443595,1743.4768221966076,4535.749475545229,0.2997117590234896,-0.006985036320946325,0.00131078857666439,inclusive source P05-P95 derived from the complete training cycle only,transport isotonic fit used the complete training cycle without trimming,transported and within-test OOF predictions evaluated on identical covered test participants,release-domain sensitivity; not external validation or a validated range
cross_cycle_training_range_applied_to_test_cycle,isotonic,acti,vs,2013-2014_H,2011-2012_G,4362,4284,3833,89.47245564892624,5371.573809523809,19318.516666666666,5520.628571428571,0.2009567085974254,1103.3767002904626,2892.84808196634,0.19986432450842137,-0.0010923840890040282,0.2025409300212595,1107.2197932224208,2898.089956392812,0.20056045772626682,-0.00198047229499268,-0.0006961332178454516,inclusive source P05-P95 derived from the complete training cycle only,transport isotonic fit used the complete training cycle without trimming,transported and within-test OOF predictions evaluated on identical covered test participants,release-domain sensitivity; not external validation or a validated range
cross_cycle_training_range_applied_to_test_cycle,isotonic,acti,vsrev,2013-2014_H,2011-2012_G,4362,4284,3833,89.47245564892624,5371.573809523809,19318.516666666666,6310.285714285716,0.2179816002975257,1381.0150096086804,3504.243249733628,0.21885142323781492,0.0008698229402892277,0.21790246885919481,1378.121292055189,3448.836020202022,0.2183928516794875,0.0004903828202926785,0.0004585715583274308,inclusive source P05-P95 derived from the complete training cycle only,transport isotonic fit used the complete training cycle without trimming,transported and within-test OOF predictions evaluated on identical covered test participants,release-domain sensitivity; not external validation or a validated range
cross_cycle_training_range_applied_to_test_cycle,isotonic,adept,acti,2013-2014_H,2011-2012_G,4362,4284,3792,88.51540616246498,394.1470291888796,5322.089827969821,5463.097619047619,0.37483250442225513,2052.8252774241146,5156.449001918947,0.37576214458748464,0.0009296401652295061,0.37229838481969973,2036.5763000581749,5163.544659698414,0.3727878288239723,0.0004894440042725878,0.002974315763512314,inclusive source P05-P95 derived from the complete training cycle only,transport isotonic fit used the complete training cycle without trimming,transported and within-test OOF predictions evaluated on identical covered test participants,release-domain sensitivity; not external validation or a validated range
cross_cycle_training_range_applied_to_test_cycle,isotonic,adept,oak,2013-2014_H,2011-2012_G,4362,4284,3792,88.51540616246498,394.1470291888796,5322.089827969821,6851.060267857142,0.3313140199500283,2280.9924000752435,5996.778737984273,0.3329400575815817,0.0016260376315533898,0.32792370905539847,2255.004151889858,5899.1917951073365,0.32914673988047877,0.0012230308250802957,0.0037933177011029162,inclusive source P05-P95 derived from the complete training cycle only,transport isotonic fit used the complete training cycle without trimming,transported and within-test OOF predictions evaluated on identical covered test participants,release-domain sensitivity; not external validation or a validated range
cross_cycle_training_range_applied_to_test_cycle,isotonic,adept,scrf,2013-2014_H,2011-2012_G,4362,4284,3792,88.51540616246498,394.1470291888796,5322.089827969821,7474.0,0.35823018176659066,2656.2427167007286,7051.681574575869,0.355397741062447,-0.0028324407041436794,0.3492280204412384,2590.210265836456,7061.121563152564,0.3465627864378453,-0.00266523400339308,0.008834954624601654,inclusive source P05-P95 derived from the complete training cycle only,transport isotonic fit used the complete training cycle without trimming,transported and within-test OOF predictions evaluated on identical covered test participants,release-domain sensitivity; not external validation or a validated range
cross_cycle_training_range_applied_to_test_cycle,isotonic,adept,scssl,2013-2014_H,2011-2012_G,4362,4284,3792,88.51540616246498,394.1470291888796,5322.089827969821,5817.178571428572,0.32346116973047834,1827.5992337653192,4748.122632528011,0.31417279207168997,-0.009288377658788372,0.3201631542177677,1813.3548167192962,4793.073861477658,0.31172411065833516,-0.008439043559432535,0.002448681413354803,inclusive source P05-P95 derived from the complete training cycle only,transport isotonic fit used the complete training cycle without trimming,transported and within-test OOF predictions evaluated on identical covered test participants,release-domain sensitivity; not external validation or a validated range
cross_cycle_training_range_applied_to_test_cycle,isotonic,adept,vs,2013-2014_H,2011-2012_G,4362,4284,3792,88.51540616246498,394.1470291888796,5322.089827969821,5520.628571428571,0.33837505978334903,1879.6975963095233,4869.97080314168,0.34048615515227726,0.0021110953689282286,0.33573033902216126,1865.600480968758,4811.51932871127,0.3379326206845314,0.0022022816623701313,0.002553534467745866,inclusive source P05-P95 derived from the complete training cycle only,transport isotonic fit used the complete training cycle without trimming,transported and within-test OOF predictions evaluated on identical covered test participants,release-domain sensitivity; not external validation or a validated range
cross_cycle_training_range_applied_to_test_cycle,isotonic,adept,vsrev,2013-2014_H,2011-2012_G,4362,4284,3792,88.51540616246498,394.1470291888796,5322.089827969821,6310.285714285716,0.35514976987685826,2252.940303694576,5850.1502671902335,0.35702667132713095,0.0018769014502726944,0.3512993127028963,2228.725191044412,5717.763090605889,0.35318926780111565,0.0018899550982193203,0.003837403526015304,inclusive source P05-P95 derived from the complete training cycle only,transport isotonic fit used the complete training cycle without trimming,transported and within-test OOF predictions evaluated on identical covered test participants,release-domain sensitivity; not external validation or a validated range
cross_cycle_training_range_applied_to_test_cycle,isotonic,oak,acti,2013-2014_H,2011-2012_G,4362,4284,3859,90.07936507936508,3072.418214285715,20697.421428571437,5463.097619047619,0.16336386395812788,878.8978098258357,2227.20088211788,0.16087902342463611,-0.0024848405334917667,0.16195815053261867,876.3339613660976,2224.6674854567623,0.16040972035913734,-0.00154843017348133,0.0004693030654987773,inclusive source P05-P95 derived from the complete training cycle only,transport isotonic fit used the complete training cycle without trimming,transported and within-test OOF predictions evaluated on identical covered test participants,release-domain sensitivity; not external validation or a validated range
cross_cycle_training_range_applied_to_test_cycle,isotonic,oak,adept,2013-2014_H,2011-2012_G,4362,4284,3859,90.07936507936508,3072.418214285715,20697.421428571437,1976.421748581889,0.35194228474286154,685.8013165901449,2026.8125187338023,0.34699138333314594,-0.004950901409715602,0.3550544366841348,695.206035479025,1964.240978650218,0.3517498408312119,-0.0033045958529228647,-0.004758457498065971,inclusive source P05-P95 derived from the complete training cycle only,transport isotonic fit used the complete training cycle without trimming,transported and within-test OOF predictions evaluated on identical covered test participants,release-domain sensitivity; not external validation or a validated range
cross_cycle_training_range_applied_to_test_cycle,isotonic,oak,scrf,2013-2014_H,2011-2012_G,4362,4284,3859,90.07936507936508,3072.418214285715,20697.421428571437,7474.0,0.1812392135611278,1311.8935908451156,3450.3505679585246,0.17552764126908155,-0.005711572292046246,0.17956013197688095,1300.1367477895262,3402.7743031358864,0.17395460901652746,-0.005605522960353493,0.0015730322525540907,inclusive source P05-P95 derived from the complete training cycle only,transport isotonic fit used the complete training cycle without trimming,transported and within-test OOF predictions evaluated on identical covered test participants,release-domain sensitivity; not external validation or a validated range
cross_cycle_training_range_applied_to_test_cycle,isotonic,oak,scssl,2013-2014_H,2011-2012_G,4362,4284,3859,90.07936507936508,3072.418214285715,20697.421428571437,5817.178571428572,0.30193442445994767,1725.6474469442092,4410.722124202548,0.2966468066529421,-0.005287617807005596,0.30315596384978777,1732.444400452056,4465.407614556968,0.2978152345126661,-0.005340729337121652,-0.0011684278597240416,inclusive source P05-P95 derived from the complete training cycle only,transport isotonic fit used the complete training cycle without trimming,transported and within-test OOF predictions evaluated on identical covered test participants,release-domain sensitivity; not external validation or a validated range
cross_cycle_training_range_applied_to_test_cycle,isotonic,oak,vs,2013-2014_H,2011-2012_G,4362,4284,3859,90.07936507936508,3072.418214285715,20697.421428571437,5520.628571428571,0.15077432223641238,817.9353872608018,2235.6252078288953,0.14815982938862068,-0.002614492847791694,0.15178106662370677,824.2768729669581,2210.348631708793,0.149308518459821,-0.002472548163885785,-0.001148689071200304,inclusive source P05-P95 derived from the complete training cycle only,transport isotonic fit used the complete training cycle without trimming,transported and within-test OOF predictions evaluated on identical covered test participants,release-domain sensitivity; not external validation or a validated range
cross_cycle_training_range_applied_to_test_cycle,isotonic,oak,vsrev,2013-2014_H,2011-2012_G,4362,4284,3859,90.07936507936508,3072.418214285715,20697.421428571437,6310.285714285716,0.13884127992777992,864.7464811228429,2358.226793331369,0.13703761133432715,-0.0018036685934527674,0.13974288288712777,869.9567180393718,2358.845198129252,0.1378632850284253,-0.0018795978587024809,-0.0008256736940981391,inclusive source P05-P95 derived from the complete training cycle only,transport isotonic fit used the complete training cycle without trimming,transported and within-test OOF predictions evaluated on identical covered test participants,release-domain sensitivity; not external validation or a validated range
cross_cycle_training_range_applied_to_test_cycle,isotonic,scrf,acti,2013-2014_H,2011-2012_G,4362,4284,3872,90.3828197945845,2243.304761904762,22368.02142857143,5463.097619047619,0.20224395296723785,1083.8592683714548,2868.146567005285,0.19839646734344896,-0.0038474856237888932,0.2036683477146842,1092.7967716963888,2857.7280869708966,0.20003244457617725,-0.003635903138506952,-0.0016359772327282918,inclusive source P05-P95 derived from the complete training cycle only,transport isotonic fit used the complete training cycle without trimming,transported and within-test OOF predictions evaluated on identical covered test participants,release-domain sensitivity; not external validation or a validated range
cross_cycle_training_range_applied_to_test_cycle,isotonic,scrf,adept,2013-2014_H,2011-2012_G,4362,4284,3872,90.3828197945845,2243.304761904762,22368.02142857143,1976.421748581889,0.3609968383843218,703.7525420725184,2082.195148456292,0.35607407304512356,-0.004922765339198221,0.3664547441257063,716.1395362152358,2039.217040565633,0.36234145709491217,-0.0041132870307941105,-0.006267384049788605,inclusive source P05-P95 derived from the complete training cycle only,transport isotonic fit used the complete training cycle without trimming,transported and within-test OOF predictions evaluated on identical covered test participants,release-domain sensitivity; not external validation or a validated range
cross_cycle_training_range_applied_to_test_cycle,isotonic,scrf,oak,2013-2014_H,2011-2012_G,4362,4284,3872,90.3828197945845,2243.304761904762,22368.02142857143,6851.060267857142,0.1758190504260014,1183.8557000946323,3149.8455302445286,0.17279890320756378,-0.00302014721843763,0.1753552511238456,1180.970918239432,3121.804154348542,0.1723778323451843,-0.002977418778661284,0.000421070862379469,inclusive source P05-P95 derived from the complete training cycle only,transport isotonic fit used the complete training cycle without trimming,transported and within-test OOF predictions evaluated on identical covered test participants,release-domain sensitivity; not external validation or a validated range
cross_cycle_training_range_applied_to_test_cycle,isotonic,scrf,scssl,2013-2014_H,2011-2012_G,4362,4284,3872,90.3828197945845,2243.304761904762,22368.02142857143,5817.178571428572,0.2388854444700741,1348.3197773639943,3602.1987115232805,0.23178242868223942,-0.007103015787834677,0.23870958721365204,1343.8624028275,3563.0955485015143,0.23101618530810838,-0.0076934019055436564,0.0007662433741310315,inclusive source P05-P95 derived from the complete training cycle only,transport isotonic fit used the complete training cycle without trimming,transported and within-test OOF predictions evaluated on identical covered test participants,release-domain sensitivity; not external validation or a validated range
cross_cycle_training_range_applied_to_test_cycle,isotonic,scrf,vs,2013-2014_H,2011-2012_G,4362,4284,3872,90.3828197945845,2243.304761904762,22368.02142857143,5520.628571428571,0.21487725884408304,1159.118994635126,3116.583397913118,0.209961416465151,-0.004915842378932028,0.21662735823259277,1167.130980524614,3012.070968690703,0.21141269792446765,-0.005214660308125119,-0.001451281459316639,inclusive source P05-P95 derived from the complete training cycle only,transport isotonic fit used the complete training cycle without trimming,transported and within-test OOF predictions evaluated on identical covered test participants,release-domain sensitivity; not external validation or a validated range
cross_cycle_training_range_applied_to_test_cycle,isotonic,scrf,vsrev,2013-2014_H,2011-2012_G,4362,4284,3872,90.3828197945845,2243.304761904762,22368.02142857143,6310.285714285716,0.21140776185474106,1316.5284700727216,3541.184886446886,0.208632149110501,-0.002775612744240069,0.21092472575929858,1314.6742758385867,3574.0705372499856,0.20833831229897004,-0.002586413460328535,0.0002938368115309453,inclusive source P05-P95 derived from the complete training cycle only,transport isotonic fit used the complete training cycle without trimming,transported and within-test OOF predictions evaluated on identical covered test participants,release-domain sensitivity; not external validation or a validated range
cross_cycle_training_range_applied_to_test_cycle,isotonic,scssl,acti,2013-2014_H,2011-2012_G,4362,4284,3845,89.75256769374417,1980.4464285714284,17003.946428571424,5463.097619047619,0.30267290443409245,1638.9773535887362,4110.159278499274,0.3000087986482765,-0.00266410578581594,0.30265460827061647,1636.216642341591,4130.500454212456,0.2995034605709338,-0.003151147699682666,0.0005053380773427096,inclusive source P05-P95 derived from the complete training cycle only,transport isotonic fit used the complete training cycle without trimming,transported and within-test OOF predictions evaluated on identical covered test participants,release-domain sensitivity; not external validation or a validated range
cross_cycle_training_range_applied_to_test_cycle,isotonic,scssl,adept,2013-2014_H,2011-2012_G,4362,4284,3845,89.75256769374417,1980.4464285714284,17003.946428571424,1976.421748581889,0.3258879577942241,629.9857391270738,1825.3679686640724,0.318750661178009,-0.007137296616215094,0.32873386995122333,636.785130653122,1787.7373176000274,0.32219091452015464,-0.006542955431068698,-0.0034402533421456494,inclusive source P05-P95 derived from the complete training cycle only,transport isotonic fit used the complete training cycle without trimming,transported and within-test OOF predictions evaluated on identical covered test participants,release-domain sensitivity; not external validation or a validated range
cross_cycle_training_range_applied_to_test_cycle,isotonic,scssl,oak,2013-2014_H,2011-2012_G,4362,4284,3845,89.75256769374417,1980.4464285714284,17003.946428571424,6851.060267857142,0.2950988043037367,2028.3383281054153,5198.8509279494565,0.2960619595804306,0.0009631552766938833,0.29572996911628224,2033.8721357412087,5203.161349206352,0.29686968968634664,0.0011397205700643953,-0.0008077301059160602,inclusive source P05-P95 derived from the complete training cycle only,transport isotonic fit used the complete training cycle without trimming,transported and within-test OOF predictions evaluated on identical covered test participants,release-domain sensitivity; not external validation or a validated range
cross_cycle_training_range_applied_to_test_cycle,isotonic,scssl,scrf,2013-2014_H,2011-2012_G,4362,4284,3845,89.75256769374417,1980.4464285714284,17003.946428571424,7474.0,0.24154346594988196,1793.0188373610397,4557.094011571222,0.23990083454121483,-0.0016426314086671334,0.23618121555169672,1753.2416382504414,4541.771366437482,0.23457875812823673,-0.0016024574234599909,0.005322076412978105,inclusive source P05-P95 derived from the complete training cycle only,transport isotonic fit used the complete training cycle without trimming,transported and within-test OOF predictions evaluated on identical covered test participants,release-domain sensitivity; not external validation or a validated range
cross_cycle_training_range_applied_to_test_cycle,isotonic,scssl,vs,2013-2014_H,2011-2012_G,4362,4284,3845,89.75256769374417,1980.4464285714284,17003.946428571424,5520.628571428571,0.29536836843627395,1631.4936543123983,4249.165197065495,0.29552679250258224,0.00015842406630828254,0.2961494071809724,1632.9633577774234,4169.150146001797,0.2957930128153617,-0.0003563943656106905,-0.0002662203127794527,inclusive source P05-P95 derived from the complete training cycle only,transport isotonic fit used the complete training cycle without trimming,transported and within-test OOF predictions evaluated on identical covered test participants,release-domain sensitivity; not external validation or a validated range
cross_cycle_training_range_applied_to_test_cycle,isotonic,scssl,vsrev,2013-2014_H,2011-2012_G,4362,4284,3845,89.75256769374417,1980.4464285714284,17003.946428571424,6310.285714285716,0.32734696108864825,2069.9776877058434,5335.281890446715,0.3280323239595423,0.0006853628708940462,0.32814086062728465,2075.324126184693,5409.684568979101,0.32887958170997117,0.000738721082686522,-0.0008472577504288759,inclusive source P05-P95 derived from the complete training cycle only,transport isotonic fit used the complete training cycle without trimming,transported and within-test OOF predictions evaluated on identical covered test participants,release-domain sensitivity; not external validation or a validated range
cross_cycle_training_range_applied_to_test_cycle,isotonic,vs,acti,2013-2014_H,2011-2012_G,4362,4284,3856,90.0093370681606,2523.735714285715,16620.864285714288,5463.097619047619,0.20317102103919935,1081.131540100277,2778.5703976435943,0.1978971666789931,-0.005273854360206248,0.20309923378003047,1077.8579417506767,2724.7286056407265,0.19729794649698743,-0.0058012872830430495,0.000599220182005672,inclusive source P05-P95 derived from the complete training cycle only,transport isotonic fit used the complete training cycle without trimming,transported and within-test OOF predictions evaluated on identical covered test participants,release-domain sensitivity; not external validation or a validated range
cross_cycle_training_range_applied_to_test_cycle,isotonic,vs,adept,2013-2014_H,2011-2012_G,4362,4284,3856,90.0093370681606,2523.735714285715,16620.864285714288,1976.421748581889,0.35937197196646165,695.9498858360524,1993.3092660061234,0.352126202990534,-0.007245768975927658,0.36051069740283925,701.1260800517794,1943.2075534368823,0.354745175494475,-0.005765521908364268,-0.0026189725039409972,inclusive source P05-P95 derived from the complete training cycle only,transport isotonic fit used the complete training cycle without trimming,transported and within-test OOF predictions evaluated on identical covered test participants,release-domain sensitivity; not external validation or a validated range
cross_cycle_training_range_applied_to_test_cycle,isotonic,vs,oak,2013-2014_H,2011-2012_G,4362,4284,3856,90.0093370681606,2523.735714285715,16620.864285714288,6851.060267857142,0.15032359724551764,998.0173258612883,2790.2738099685976,0.14567341212040538,-0.004650185125112255,0.1500100683549563,995.6551495645078,2767.494043225781,0.14532862223323084,-0.004681446121725469,0.0003447898871745403,inclusive source P05-P95 derived from the complete training cycle only,transport isotonic fit used the complete training cycle without trimming,transported and within-test OOF predictions evaluated on identical covered test participants,release-domain sensitivity; not external validation or a validated range
cross_cycle_training_range_applied_to_test_cycle,isotonic,vs,scrf,2013-2014_H,2011-2012_G,4362,4284,3856,90.0093370681606,2523.735714285715,16620.864285714288,7474.0,0.22225477156054066,1588.2902435081226,4220.186269697868,0.2125087293963236,-0.009746042164217067,0.22152328974412452,1582.887510784055,4192.025873518012,0.211785859082694,-0.009737430661430513,0.0007228703136295811,inclusive source P05-P95 derived from the complete training cycle only,transport isotonic fit used the complete training cycle without trimming,transported and within-test OOF predictions evaluated on identical covered test participants,release-domain sensitivity; not external validation or a validated range
cross_cycle_training_range_applied_to_test_cycle,isotonic,vs,scssl,2013-2014_H,2011-2012_G,4362,4284,3856,90.0093370681606,2523.735714285715,16620.864285714288,5817.178571428572,0.3025685716138021,1691.726018662906,4402.716700656776,0.2908155556667835,-0.011753015947018552,0.30408124797904235,1698.4232712444823,4397.899962207107,0.291966844474466,-0.012114403504576321,-0.0011512888076825045,inclusive source P05-P95 derived from the complete training cycle only,transport isotonic fit used the complete training cycle without trimming,transported and within-test OOF predictions evaluated on identical covered test participants,release-domain sensitivity; not external validation or a validated range
cross_cycle_training_range_applied_to_test_cycle,isotonic,vs,vsrev,2013-2014_H,2011-2012_G,4362,4284,3856,90.0093370681606,2523.735714285715,16620.864285714288,6310.285714285716,0.12534859762864953,760.8290916551953,2093.563533694726,0.12056967403754337,-0.0047789235911061545,0.12634638781000768,767.8059513963985,2096.7466689560424,0.12167530697669991,-0.004671080833307764,-0.0011056329391565395,inclusive source P05-P95 derived from the complete training cycle only,transport isotonic fit used the complete training cycle without trimming,transported and within-test OOF predictions evaluated on identical covered test participants,release-domain sensitivity; not external validation or a validated range
cross_cycle_training_range_applied_to_test_cycle,isotonic,vsrev,acti,2013-2014_H,2011-2012_G,4362,4284,3842,89.68253968253968,1616.5642857142857,17536.88571428571,5463.097619047619,0.2191124263046776,1195.391270893119,2915.1535901360535,0.21881199170325485,-0.00030043460142273326,0.219614596951405,1198.1033854366046,2900.716848207364,0.21930843433207217,-0.00030616261933283373,-0.0004964426288173174,inclusive source P05-P95 derived from the complete training cycle only,transport isotonic fit used the complete training cycle without trimming,transported and within-test OOF predictions evaluated on identical covered test participants,release-domain sensitivity; not external validation or a validated range
cross_cycle_training_range_applied_to_test_cycle,isotonic,vsrev,adept,2013-2014_H,2011-2012_G,4362,4284,3842,89.68253968253968,1616.5642857142857,17536.88571428571,1976.421748581889,0.36942389982019413,725.9323165561955,2072.345369015081,0.36729626006041594,-0.0021276397597781993,0.3722565071085704,732.6341295642267,2041.1222787788856,0.37068714209904957,-0.0015693650095208178,-0.003390882038633636,inclusive source P05-P95 derived from the complete training cycle only,transport isotonic fit used the complete training cycle without trimming,transported and within-test OOF predictions evaluated on identical covered test participants,release-domain sensitivity; not external validation or a validated range
cross_cycle_training_range_applied_to_test_cycle,isotonic,vsrev,oak,2013-2014_H,2011-2012_G,4362,4284,3842,89.68253968253968,1616.5642857142857,17536.88571428571,6851.060267857142,0.13827432782803187,944.3897882206618,2504.658962734501,0.13784578609699571,-0.0004285417310361528,0.13791642844427,939.93059285098,2512.168176002506,0.1371949094158194,-0.000721519028450579,0.0006508766811763045,inclusive source P05-P95 derived from the complete training cycle only,transport isotonic fit used the complete training cycle without trimming,transported and within-test OOF predictions evaluated on identical covered test participants,release-domain sensitivity; not external validation or a validated range
cross_cycle_training_range_applied_to_test_cycle,isotonic,vsrev,scrf,2013-2014_H,2011-2012_G,4362,4284,3842,89.68253968253968,1616.5642857142857,17536.88571428571,7474.0,0.21811196755243456,1593.375077206754,4240.408661706349,0.2131890657220704,-0.004922901830364174,0.216523440968443,1577.6564830912923,4255.4223189223,0.21108596241521171,-0.00543747855323129,0.0021031033068586724,inclusive source P05-P95 derived from the complete training cycle only,transport isotonic fit used the complete training cycle without trimming,transported and within-test OOF predictions evaluated on identical covered test participants,release-domain sensitivity; not external validation or a validated range
cross_cycle_training_range_applied_to_test_cycle,isotonic,vsrev,scssl,2013-2014_H,2011-2012_G,4362,4284,3842,89.68253968253968,1616.5642857142857,17536.88571428571,5817.178571428572,0.33491046382997136,1909.3485068039645,4992.247312090711,0.3282258715903697,-0.006684592239601661,0.3334289979354531,1901.4412373744058,4885.317682673067,0.32686657526957325,-0.0065624226658798634,0.0013592963207964548,inclusive source P05-P95 derived from the complete training cycle only,transport isotonic fit used the complete training cycle without trimming,transported and within-test OOF predictions evaluated on identical covered test participants,release-domain sensitivity; not external validation or a validated range
cross_cycle_training_range_applied_to_test_cycle,isotonic,vsrev,vs,2013-2014_H,2011-2012_G,4362,4284,3842,89.68253968253968,1616.5642857142857,17536.88571428571,5520.628571428571,0.12450105495393321,673.7379393119567,1764.4093265498448,0.12204007760978813,-0.0024609773441450766,0.12508536823703068,675.5708339077335,1779.3596552257275,0.12237208592588147,-0.002713282311149201,-0.0003320083160933407,inclusive source P05-P95 derived from the complete training cycle only,transport isotonic fit used the complete training cycle without trimming,transported and within-test OOF predictions evaluated on identical covered test participants,release-domain sensitivity; not external validation or a validated range
