exposure,source_algorithm,target_algorithm,method,method_role,group_type,n_groups_compared,group_levels,group_ns,grid_n,source_grid_min,source_grid_max,target_iqr,mean_between_subgroup_spread_predicted_target,mean_between_subgroup_spread_predicted_target_over_target_iqr,p50_between_subgroup_spread_predicted_target,p50_between_subgroup_spread_predicted_target_over_target_iqr,p95_between_subgroup_spread_predicted_target,p95_between_subgroup_spread_predicted_target_over_target_iqr,max_between_subgroup_spread_predicted_target,max_between_subgroup_spread_predicted_target_over_target_iqr,note
daily_steps,acti,adept,isotonic,headline_subgroup_curve,age_group,3,20-39|40-59|60+,2757|2949|2940,101,5266.464285714286,19321.357142857145,1919.4027944454592,322.830417116489,0.1681931578148811,333.4454308067234,0.1737235309710279,473.3829961683273,0.2466303568684205,543.9520503726603,0.283396508511292,"At each source-grid point, spread = max subgroup isotonic curve - min subgroup isotonic curve."
daily_steps,acti,adept,isotonic,headline_subgroup_curve,sex,2,male|female,4161|4485,101,5266.464285714286,19321.357142857145,1919.4027944454592,412.8467281078087,0.2150912405163427,430.31501937817507,0.2241921396714954,627.3309929838033,0.326836552910744,714.8470285911394,0.3724320036731363,"At each source-grid point, spread = max subgroup isotonic curve - min subgroup isotonic curve."
daily_steps,acti,adept,isotonic,headline_subgroup_curve,bmi_group,3,<25|25-<30|>=30,2572|2741|3246,101,5266.464285714286,19321.357142857145,1919.4027944454592,349.33702994235955,0.1820029807986643,340.62215074912046,0.1774625689484476,577.2258099531346,0.3007319837313786,691.1359074570855,0.360078618962709,"At each source-grid point, spread = max subgroup isotonic curve - min subgroup isotonic curve."
daily_steps,acti,oak,isotonic,headline_subgroup_curve,age_group,3,20-39|40-59|60+,2757|2949|2940,101,5266.464285714286,19321.357142857145,6887.578571428576,1230.7631742583233,0.1786931592132888,1218.5045654164696,0.1769133452024977,1668.4306058673392,0.2422376149418335,2028.7322504915685,0.2945494166712326,"At each source-grid point, spread = max subgroup isotonic curve - min subgroup isotonic curve."
daily_steps,acti,oak,isotonic,headline_subgroup_curve,sex,2,male|female,4161|4485,101,5266.464285714286,19321.357142857145,6887.578571428576,229.4354084290507,0.0333114760216031,176.2616693557793,0.025591239000446,578.676241622572,0.0840173706363319,1044.1002673551302,0.1515917759089272,"At each source-grid point, spread = max subgroup isotonic curve - min subgroup isotonic curve."
daily_steps,acti,oak,isotonic,headline_subgroup_curve,bmi_group,3,<25|25-<30|>=30,2572|2741|3246,101,5266.464285714286,19321.357142857145,6887.578571428576,393.64273752335754,0.0571525585430397,349.3245592139556,0.0507180507040663,871.3318457003679,0.1265077177217075,1510.8951046176044,0.2193652078083262,"At each source-grid point, spread = max subgroup isotonic curve - min subgroup isotonic curve."
daily_steps,acti,scrf,isotonic,headline_subgroup_curve,age_group,3,20-39|40-59|60+,2757|2949|2940,101,5266.464285714286,19321.357142857145,7482.482142857143,1365.9651587271646,0.1825550843487317,1314.7693715581463,0.1757129982345817,2322.907772657458,0.3104461498615042,2701.3219047619095,0.3610194923539671,"At each source-grid point, spread = max subgroup isotonic curve - min subgroup isotonic curve."
daily_steps,acti,scrf,isotonic,headline_subgroup_curve,sex,2,male|female,4161|4485,101,5266.464285714286,19321.357142857145,7482.482142857143,545.9130122187808,0.0729588125699591,557.5559579964047,0.0745148397752814,1133.314476827516,0.1514623697310644,1214.5514083617454,0.1623193193345832,"At each source-grid point, spread = max subgroup isotonic curve - min subgroup isotonic curve."
daily_steps,acti,scrf,isotonic,headline_subgroup_curve,bmi_group,3,<25|25-<30|>=30,2572|2741|3246,101,5266.464285714286,19321.357142857145,7482.482142857143,510.8401246961539,0.0682714792956515,471.4537921727406,0.0630076735462436,937.761021677332,0.1253275321976583,1795.4229068941022,0.2399501759730936,"At each source-grid point, spread = max subgroup isotonic curve - min subgroup isotonic curve."
daily_steps,acti,scssl,isotonic,headline_subgroup_curve,age_group,3,20-39|40-59|60+,2757|2949|2940,101,5266.464285714286,19321.357142857145,5813.0,460.8725772877416,0.0792830857195495,378.5289375472403,0.0651176565538001,1008.3035714285688,0.173456661178147,1414.572777732239,0.2433464265839048,"At each source-grid point, spread = max subgroup isotonic curve - min subgroup isotonic curve."
daily_steps,acti,scssl,isotonic,headline_subgroup_curve,sex,2,male|female,4161|4485,101,5266.464285714286,19321.357142857145,5813.0,1001.482551283016,0.1722832532742157,1061.8522264131134,0.1826685405837112,1502.41729665998,0.2584581621641114,1927.2489417989416,0.3315411907447001,"At each source-grid point, spread = max subgroup isotonic curve - min subgroup isotonic curve."
daily_steps,acti,scssl,isotonic,headline_subgroup_curve,bmi_group,3,<25|25-<30|>=30,2572|2741|3246,101,5266.464285714286,19321.357142857145,5813.0,915.0104260546148,0.1574076081291269,961.3091904997418,0.1653723018234546,1330.714616139875,0.2289204569309952,1784.605310457513,0.3070024618024278,"At each source-grid point, spread = max subgroup isotonic curve - min subgroup isotonic curve."
daily_steps,acti,vs,isotonic,headline_subgroup_curve,age_group,3,20-39|40-59|60+,2757|2949|2940,101,5266.464285714286,19321.357142857145,5559.857142857143,714.3110696911349,0.1284765150142075,696.9971026352268,0.125362412149505,1080.2567446811672,0.1942957736007649,1520.089500000002,0.2734044168657985,"At each source-grid point, spread = max subgroup isotonic curve - min subgroup isotonic curve."
daily_steps,acti,vs,isotonic,headline_subgroup_curve,sex,2,male|female,4161|4485,101,5266.464285714286,19321.357142857145,5559.857142857143,167.5097931819942,0.0301284347561334,127.57186229674336,0.0229451690967703,422.7958013937314,0.0760443641860304,578.3012962133653,0.1040136969987295,"At each source-grid point, spread = max subgroup isotonic curve - min subgroup isotonic curve."
daily_steps,acti,vs,isotonic,headline_subgroup_curve,bmi_group,3,<25|25-<30|>=30,2572|2741|3246,101,5266.464285714286,19321.357142857145,5559.857142857143,454.96969576189633,0.0818311845199844,433.0580087102853,0.077890132351088,818.3632971014486,0.1471914252604162,946.6465217391268,0.1702645405116752,"At each source-grid point, spread = max subgroup isotonic curve - min subgroup isotonic curve."
daily_steps,acti,vsrev,isotonic,headline_subgroup_curve,age_group,3,20-39|40-59|60+,2757|2949|2940,101,5266.464285714286,19321.357142857145,6301.767857142858,1580.0102745514555,0.2507249251907245,1556.5696752710974,0.2470052389357336,2258.9811755697247,0.358467850098483,2719.7079761904733,0.4315785725283055,"At each source-grid point, spread = max subgroup isotonic curve - min subgroup isotonic curve."
daily_steps,acti,vsrev,isotonic,headline_subgroup_curve,sex,2,male|female,4161|4485,101,5266.464285714286,19321.357142857145,6301.767857142858,247.37750990547073,0.0392552559080823,213.94390847247905,0.0339498238149125,552.6859863945556,0.0877033237217875,967.2227772227724,0.1534843553664795,"At each source-grid point, spread = max subgroup isotonic curve - min subgroup isotonic curve."
daily_steps,acti,vsrev,isotonic,headline_subgroup_curve,bmi_group,3,<25|25-<30|>=30,2572|2741|3246,101,5266.464285714286,19321.357142857145,6301.767857142858,574.5472044163466,0.0911723848673853,526.6107703476646,0.0835655616464461,1090.2594543650812,0.1730085079426253,1721.279642857142,0.2731423438434224,"At each source-grid point, spread = max subgroup isotonic curve - min subgroup isotonic curve."
daily_steps,adept,acti,isotonic,headline_subgroup_curve,age_group,3,20-39|40-59|60+,2757|2949|2940,101,388.4465352624406,5454.949972321798,5482.084523809524,849.4706028805296,0.1549539411862677,811.2578514739234,0.1479834628507655,1541.3530564472949,0.2811618554498685,1541.5739245609602,0.2812021445247097,"At each source-grid point, spread = max subgroup isotonic curve - min subgroup isotonic curve."
daily_steps,adept,acti,isotonic,headline_subgroup_curve,sex,2,male|female,4161|4485,101,388.4465352624406,5454.949972321798,5482.084523809524,661.3582042918464,0.1206399137808743,543.605043907779,0.0991602813759656,1316.688304831323,0.240180226903242,1504.9072631976724,0.2745136921296328,"At each source-grid point, spread = max subgroup isotonic curve - min subgroup isotonic curve."
daily_steps,adept,acti,isotonic,headline_subgroup_curve,bmi_group,3,<25|25-<30|>=30,2572|2741|3246,101,388.4465352624406,5454.949972321798,5482.084523809524,456.46403045224594,0.0832646830726074,454.8999154813455,0.0829793691625231,898.7959647495372,0.1639514970712199,989.8734836592012,0.1805651626420626,"At each source-grid point, spread = max subgroup isotonic curve - min subgroup isotonic curve."
daily_steps,adept,oak,isotonic,headline_subgroup_curve,age_group,3,20-39|40-59|60+,2757|2949|2940,101,388.4465352624406,5454.949972321798,6887.578571428576,1620.676233463716,0.2353042098404064,1572.592849382998,0.2283230358934143,2952.7240947327064,0.4287027819880495,2952.7240947327064,0.4287027819880495,"At each source-grid point, spread = max subgroup isotonic curve - min subgroup isotonic curve."
daily_steps,adept,oak,isotonic,headline_subgroup_curve,sex,2,male|female,4161|4485,101,388.4465352624406,5454.949972321798,6887.578571428576,892.0892143733633,0.1295214573774847,822.9338400295965,0.1194808642101499,1807.7913584353792,0.2624712501915486,1979.06603757658,0.2873384335368962,"At each source-grid point, spread = max subgroup isotonic curve - min subgroup isotonic curve."
daily_steps,adept,oak,isotonic,headline_subgroup_curve,bmi_group,3,<25|25-<30|>=30,2572|2741|3246,101,388.4465352624406,5454.949972321798,6887.578571428576,590.9197138837872,0.0857949869835347,561.6954521743846,0.081551948387847,1193.2402504948986,0.1732452469500329,1368.004570578231,0.1986190874472287,"At each source-grid point, spread = max subgroup isotonic curve - min subgroup isotonic curve."
daily_steps,adept,scrf,isotonic,headline_subgroup_curve,age_group,3,20-39|40-59|60+,2757|2949|2940,101,388.4465352624406,5454.949972321798,7482.482142857143,1683.2814865268747,0.2249629807848927,1745.208121273197,0.2332391962925286,3273.650719262405,0.4375086577904454,3273.650719262405,0.4375086577904454,"At each source-grid point, spread = max subgroup isotonic curve - min subgroup isotonic curve."
daily_steps,adept,scrf,isotonic,headline_subgroup_curve,sex,2,male|female,4161|4485,101,388.4465352624406,5454.949972321798,7482.482142857143,625.4693473434488,0.0835911580411225,610.8369197364473,0.0816356000688299,1556.3039845376152,0.2079930101835631,2101.6295710448667,0.2808733159558696,"At each source-grid point, spread = max subgroup isotonic curve - min subgroup isotonic curve."
daily_steps,adept,scrf,isotonic,headline_subgroup_curve,bmi_group,3,<25|25-<30|>=30,2572|2741|3246,101,388.4465352624406,5454.949972321798,7482.482142857143,660.469089902394,0.0882687158208436,551.1596512407768,0.0736600022182371,1440.9936404220753,0.192582302625027,2069.2835352891125,0.2765504141248733,"At each source-grid point, spread = max subgroup isotonic curve - min subgroup isotonic curve."
daily_steps,adept,scssl,isotonic,headline_subgroup_curve,age_group,3,20-39|40-59|60+,2757|2949|2940,101,388.4465352624406,5454.949972321798,5813.0,848.9251888026565,0.1460390828836498,771.508681383003,0.1327212594844319,1628.9188822751348,0.2802200038319516,2237.9429937313143,0.3849893331724263,"At each source-grid point, spread = max subgroup isotonic curve - min subgroup isotonic curve."
daily_steps,adept,scssl,isotonic,headline_subgroup_curve,sex,2,male|female,4161|4485,101,388.4465352624406,5454.949972321798,5813.0,355.86915755140103,0.0612195351025978,287.7433809202894,0.0494999795149302,1208.912818740402,0.2079671114296236,1547.4823870573837,0.2662106291170452,"At each source-grid point, spread = max subgroup isotonic curve - min subgroup isotonic curve."
daily_steps,adept,scssl,isotonic,headline_subgroup_curve,bmi_group,3,<25|25-<30|>=30,2572|2741|3246,101,388.4465352624406,5454.949972321798,5813.0,591.1780457961978,0.1016993025625662,571.1907867494829,0.0982609301134496,1199.531636865273,0.2063532834793175,1581.3192839241,0.2720315300058661,"At each source-grid point, spread = max subgroup isotonic curve - min subgroup isotonic curve."
daily_steps,adept,vs,isotonic,headline_subgroup_curve,age_group,3,20-39|40-59|60+,2757|2949|2940,101,388.4465352624406,5454.949972321798,5559.857142857143,959.4695169206838,0.1725708938678996,991.4991889636458,0.1783317742682371,2264.9646480659467,0.4073782095239247,2264.9646480659467,0.4073782095239247,"At each source-grid point, spread = max subgroup isotonic curve - min subgroup isotonic curve."
daily_steps,adept,vs,isotonic,headline_subgroup_curve,sex,2,male|female,4161|4485,101,388.4465352624406,5454.949972321798,5559.857142857143,606.8408358998388,0.1091468396232912,596.2607279568747,0.107243893617465,1234.724655233751,0.2220784857431141,1315.5061246681398,0.2366079003231578,"At each source-grid point, spread = max subgroup isotonic curve - min subgroup isotonic curve."
daily_steps,adept,vs,isotonic,headline_subgroup_curve,bmi_group,3,<25|25-<30|>=30,2572|2741|3246,101,388.4465352624406,5454.949972321798,5559.857142857143,478.0868012872214,0.0859890441432346,404.2910430839006,0.0727160847294972,1062.6146551724105,0.1911226543900633,1134.4595531315972,0.2040447306436748,"At each source-grid point, spread = max subgroup isotonic curve - min subgroup isotonic curve."
daily_steps,adept,vsrev,isotonic,headline_subgroup_curve,age_group,3,20-39|40-59|60+,2757|2949|2940,101,388.4465352624406,5454.949972321798,6301.767857142858,1914.8093755397024,0.3038527313203588,1929.8932482993205,0.3062463251660161,3297.9442766022057,0.5233363639163713,3297.9442766022057,0.5233363639163713,"At each source-grid point, spread = max subgroup isotonic curve - min subgroup isotonic curve."
daily_steps,adept,vsrev,isotonic,headline_subgroup_curve,sex,2,male|female,4161|4485,101,388.4465352624406,5454.949972321798,6301.767857142858,683.1064196802014,0.1083991722903473,631.4141049878381,0.1001963447879391,1399.2048870896924,0.2220337084463905,1664.3249204403228,0.2641044478580502,"At each source-grid point, spread = max subgroup isotonic curve - min subgroup isotonic curve."
daily_steps,adept,vsrev,isotonic,headline_subgroup_curve,bmi_group,3,<25|25-<30|>=30,2572|2741|3246,101,388.4465352624406,5454.949972321798,6301.767857142858,654.2753075673893,0.1038240891126747,526.7967623199529,0.0835950758996691,1496.929019106541,0.2375411238625394,1891.6144043352144,0.3001720227112346,"At each source-grid point, spread = max subgroup isotonic curve - min subgroup isotonic curve."
daily_steps,oak,acti,isotonic,headline_subgroup_curve,age_group,3,20-39|40-59|60+,2757|2949|2940,101,3101.1232142857143,20704.76785714287,5482.084523809524,777.3429017937627,0.1417969566900409,807.3051870748295,0.1472624479919236,1196.6318027210882,0.21828043648797,1306.2704292051176,0.2382798775779153,"At each source-grid point, spread = max subgroup isotonic curve - min subgroup isotonic curve."
daily_steps,oak,acti,isotonic,headline_subgroup_curve,sex,2,male|female,4161|4485,101,3101.1232142857143,20704.76785714287,5482.084523809524,235.23811809518816,0.0429103413260983,189.05169174239015,0.0344853660904551,606.3799974329377,0.1106112090755509,951.7504296783444,0.1736110462260748,"At each source-grid point, spread = max subgroup isotonic curve - min subgroup isotonic curve."
daily_steps,oak,acti,isotonic,headline_subgroup_curve,bmi_group,3,<25|25-<30|>=30,2572|2741|3246,101,3101.1232142857143,20704.76785714287,5482.084523809524,265.57751874526707,0.0484446231341059,241.89136212624544,0.0441239753009415,546.3266633728563,0.0996567384176724,942.3142700121088,0.171889774030206,"At each source-grid point, spread = max subgroup isotonic curve - min subgroup isotonic curve."
daily_steps,oak,adept,isotonic,headline_subgroup_curve,age_group,3,20-39|40-59|60+,2757|2949|2940,101,3101.1232142857143,20704.76785714287,1919.4027944454592,280.2791911670116,0.146024165421718,195.5234585212138,0.1018668197665634,924.5218907777694,0.4816716394564153,1198.4198639709807,0.624371219755997,"At each source-grid point, spread = max subgroup isotonic curve - min subgroup isotonic curve."
daily_steps,oak,adept,isotonic,headline_subgroup_curve,sex,2,male|female,4161|4485,101,3101.1232142857143,20704.76785714287,1919.4027944454592,466.4325698521739,0.2430092168261807,457.29577821468183,0.2382489905391643,761.026164876062,0.3964911206123008,985.7922977340022,0.5135932387859269,"At each source-grid point, spread = max subgroup isotonic curve - min subgroup isotonic curve."
daily_steps,oak,adept,isotonic,headline_subgroup_curve,bmi_group,3,<25|25-<30|>=30,2572|2741|3246,101,3101.1232142857143,20704.76785714287,1919.4027944454592,264.6926695084474,0.1379036595520434,254.10239532454943,0.1323861755645526,439.1007946850595,0.2287694880698147,550.8877509866356,0.2870099765306397,"At each source-grid point, spread = max subgroup isotonic curve - min subgroup isotonic curve."
daily_steps,oak,scrf,isotonic,headline_subgroup_curve,age_group,3,20-39|40-59|60+,2757|2949|2940,101,3101.1232142857143,20704.76785714287,7482.482142857143,450.3268093673285,0.0601841475555294,419.6421238280891,0.0560832776899686,901.2611992945332,0.1204494955133152,1415.5640882331063,0.1891837576364173,"At each source-grid point, spread = max subgroup isotonic curve - min subgroup isotonic curve."
daily_steps,oak,scrf,isotonic,headline_subgroup_curve,sex,2,male|female,4161|4485,101,3101.1232142857143,20704.76785714287,7482.482142857143,632.4864925601624,0.0845289678591402,633.0671499433083,0.0846065701002228,1031.31449163449,0.1378305316263258,1282.5614979228849,0.1714085611480184,"At each source-grid point, spread = max subgroup isotonic curve - min subgroup isotonic curve."
daily_steps,oak,scrf,isotonic,headline_subgroup_curve,bmi_group,3,<25|25-<30|>=30,2572|2741|3246,101,3101.1232142857143,20704.76785714287,7482.482142857143,482.4206026913687,0.0644733383228842,422.7594325210521,0.0564998919408879,1059.513191363505,0.1415991606976205,1403.7279627640492,0.1876019128363791,"At each source-grid point, spread = max subgroup isotonic curve - min subgroup isotonic curve."
daily_steps,oak,scssl,isotonic,headline_subgroup_curve,age_group,3,20-39|40-59|60+,2757|2949|2940,101,3101.1232142857143,20704.76785714287,5813.0,1101.595444592904,0.1895054953712203,1075.062964380195,0.1849411602236702,1585.1420057720045,0.2726891460127308,2120.8001493428947,0.3648374590302588,"At each source-grid point, spread = max subgroup isotonic curve - min subgroup isotonic curve."
daily_steps,oak,scssl,isotonic,headline_subgroup_curve,sex,2,male|female,4161|4485,101,3101.1232142857143,20704.76785714287,5813.0,1073.7350394283828,0.1847127196677073,1016.8667987185216,0.1749297778631553,1840.3173129251736,0.3165864980088033,2196.7968979956113,0.3779110438664392,"At each source-grid point, spread = max subgroup isotonic curve - min subgroup isotonic curve."
daily_steps,oak,scssl,isotonic,headline_subgroup_curve,bmi_group,3,<25|25-<30|>=30,2572|2741|3246,101,3101.1232142857143,20704.76785714287,5813.0,818.141082654062,0.1407433481255912,821.9466463728368,0.1413980124501697,1362.9970754373176,0.2344739507031339,1450.4461872273268,0.2495176651001766,"At each source-grid point, spread = max subgroup isotonic curve - min subgroup isotonic curve."
daily_steps,oak,vs,isotonic,headline_subgroup_curve,age_group,3,20-39|40-59|60+,2757|2949|2940,101,3101.1232142857143,20704.76785714287,5559.857142857143,511.925771489098,0.0920753462428039,409.1829365079366,0.0735959442831407,1135.9235927656991,0.204308053890385,1625.189972275297,0.2923078652053515,"At each source-grid point, spread = max subgroup isotonic curve - min subgroup isotonic curve."
daily_steps,oak,vs,isotonic,headline_subgroup_curve,sex,2,male|female,4161|4485,101,3101.1232142857143,20704.76785714287,5559.857142857143,195.81510429881055,0.0352194488576703,128.4179761904752,0.0230973517647762,520.4553196371216,0.0936094770538773,1099.7639566098842,0.197804355103399,"At each source-grid point, spread = max subgroup isotonic curve - min subgroup isotonic curve."
daily_steps,oak,vs,isotonic,headline_subgroup_curve,bmi_group,3,<25|25-<30|>=30,2572|2741|3246,101,3101.1232142857143,20704.76785714287,5559.857142857143,364.22021702397154,0.0655089164461522,311.0341293115489,0.0559428275438948,708.5832001133713,0.1274462961739407,1041.443488284203,0.1873147927230767,"At each source-grid point, spread = max subgroup isotonic curve - min subgroup isotonic curve."
daily_steps,oak,vsrev,isotonic,headline_subgroup_curve,age_group,3,20-39|40-59|60+,2757|2949|2940,101,3101.1232142857143,20704.76785714287,6301.767857142858,580.6901744302229,0.0921471859316475,589.399647288019,0.0935292541155658,1011.1829831932793,0.1604602083282288,1476.2431972789163,0.2342585812020416,"At each source-grid point, spread = max subgroup isotonic curve - min subgroup isotonic curve."
daily_steps,oak,vsrev,isotonic,headline_subgroup_curve,sex,2,male|female,4161|4485,101,3101.1232142857143,20704.76785714287,6301.767857142858,245.2922024679956,0.0389243475844583,221.36629488607105,0.0351276498760834,585.4400105708228,0.0929009166701126,753.7021189336992,0.1196016952733987,"At each source-grid point, spread = max subgroup isotonic curve - min subgroup isotonic curve."
daily_steps,oak,vsrev,isotonic,headline_subgroup_curve,bmi_group,3,<25|25-<30|>=30,2572|2741|3246,101,3101.1232142857143,20704.76785714287,6301.767857142858,395.5286635161968,0.0627647149946784,358.30274807987735,0.0568574971662519,944.9185689865736,0.149944998039802,1072.276959011453,0.1701549443456665,"At each source-grid point, spread = max subgroup isotonic curve - min subgroup isotonic curve."
daily_steps,scrf,acti,isotonic,headline_subgroup_curve,age_group,3,20-39|40-59|60+,2757|2949|2940,101,2237.285714285714,22023.285714285714,5482.084523809524,568.8078689777672,0.103757588287329,559.609440321583,0.1020796811671024,922.4075396825356,0.1682585402826935,1086.7015988037729,0.1982278080690042,"At each source-grid point, spread = max subgroup isotonic curve - min subgroup isotonic curve."
daily_steps,scrf,acti,isotonic,headline_subgroup_curve,sex,2,male|female,4161|4485,101,2237.285714285714,22023.285714285714,5482.084523809524,407.29964609264096,0.0742964914757656,411.0850994548091,0.0749870049740028,813.7083680874648,0.1484304673803196,1254.971052654665,0.2289222370074987,"At each source-grid point, spread = max subgroup isotonic curve - min subgroup isotonic curve."
daily_steps,scrf,acti,isotonic,headline_subgroup_curve,bmi_group,3,<25|25-<30|>=30,2572|2741|3246,101,2237.285714285714,22023.285714285714,5482.084523809524,334.73503319970445,0.0610598088639274,301.222577422579,0.0549467225677246,735.1533226253459,0.134101055799571,1079.2193285525736,0.1968629494611694,"At each source-grid point, spread = max subgroup isotonic curve - min subgroup isotonic curve."
daily_steps,scrf,adept,isotonic,headline_subgroup_curve,age_group,3,20-39|40-59|60+,2757|2949|2940,101,2237.285714285714,22023.285714285714,1919.4027944454592,277.2409180736518,0.1444412391583239,196.3526433750717,0.1022988212496588,717.714833856714,0.3739261169847734,776.5477345287545,0.4045777867865975,"At each source-grid point, spread = max subgroup isotonic curve - min subgroup isotonic curve."
daily_steps,scrf,adept,isotonic,headline_subgroup_curve,sex,2,male|female,4161|4485,101,2237.285714285714,22023.285714285714,1919.4027944454592,324.16118934413635,0.1688864840054537,342.8900549199175,0.1786441365575811,573.1730732040141,0.298620526583953,760.8639447147284,0.3964066046567114,"At each source-grid point, spread = max subgroup isotonic curve - min subgroup isotonic curve."
daily_steps,scrf,adept,isotonic,headline_subgroup_curve,bmi_group,3,<25|25-<30|>=30,2572|2741|3246,101,2237.285714285714,22023.285714285714,1919.4027944454592,324.2806099801026,0.1689487016057989,297.5786911661139,0.1550371251033258,639.3399947463768,0.3330931874208771,812.8360646393899,0.4234838393440126,"At each source-grid point, spread = max subgroup isotonic curve - min subgroup isotonic curve."
daily_steps,scrf,oak,isotonic,headline_subgroup_curve,age_group,3,20-39|40-59|60+,2757|2949|2940,101,2237.285714285714,22023.285714285714,6887.578571428576,517.682325362562,0.0751617306421794,467.1015459353953,0.0678179625961801,990.8858076187462,0.1438656266992281,1312.9790257867226,0.1906299887791179,"At each source-grid point, spread = max subgroup isotonic curve - min subgroup isotonic curve."
daily_steps,scrf,oak,isotonic,headline_subgroup_curve,sex,2,male|female,4161|4485,101,2237.285714285714,22023.285714285714,6887.578571428576,517.9419222132086,0.0751994212250097,535.534357886907,0.0777536477200332,913.1349623236764,0.1325770665051419,1269.327656033288,0.1842922941451123,"At each source-grid point, spread = max subgroup isotonic curve - min subgroup isotonic curve."
daily_steps,scrf,oak,isotonic,headline_subgroup_curve,bmi_group,3,<25|25-<30|>=30,2572|2741|3246,101,2237.285714285714,22023.285714285714,6887.578571428576,494.54956043565613,0.0718031098022131,457.5634706959699,0.0664331398837407,1009.825333333334,0.1466154357240069,1415.714465500485,0.2055460349117798,"At each source-grid point, spread = max subgroup isotonic curve - min subgroup isotonic curve."
daily_steps,scrf,scssl,isotonic,headline_subgroup_curve,age_group,3,20-39|40-59|60+,2757|2949|2940,101,2237.285714285714,22023.285714285714,5813.0,1284.9243278169506,0.2210432354751334,1193.6017857142851,0.2053331817846697,2110.6091666666653,0.3630843224955557,2379.5603061224465,0.409351506300094,"At each source-grid point, spread = max subgroup isotonic curve - min subgroup isotonic curve."
daily_steps,scrf,scssl,isotonic,headline_subgroup_curve,sex,2,male|female,4161|4485,101,2237.285714285714,22023.285714285714,5813.0,693.3601533637067,0.1192775078898514,638.173651922878,0.1097838726858554,1781.0004793079245,0.3063823291429424,1883.0410998877687,0.3239361947166297,"At each source-grid point, spread = max subgroup isotonic curve - min subgroup isotonic curve."
daily_steps,scrf,scssl,isotonic,headline_subgroup_curve,bmi_group,3,<25|25-<30|>=30,2572|2741|3246,101,2237.285714285714,22023.285714285714,5813.0,738.3999109976492,0.127025616892766,723.1293394777258,0.1243986477684028,1199.2026694288852,0.2062966917992233,1487.5837495524538,0.2559063735682872,"At each source-grid point, spread = max subgroup isotonic curve - min subgroup isotonic curve."
daily_steps,scrf,vs,isotonic,headline_subgroup_curve,age_group,3,20-39|40-59|60+,2757|2949|2940,101,2237.285714285714,22023.285714285714,5559.857142857143,380.1664201992662,0.0683770122920646,291.84399801587097,0.0524912763974176,852.9111152343812,0.1534052212708617,1308.5791166321596,0.235362003556749,"At each source-grid point, spread = max subgroup isotonic curve - min subgroup isotonic curve."
daily_steps,scrf,vs,isotonic,headline_subgroup_curve,sex,2,male|female,4161|4485,101,2237.285714285714,22023.285714285714,5559.857142857143,338.5568908511145,0.0608930917021969,286.2723428022309,0.0514891543877185,817.2450386904766,0.1469902944791319,967.0102917401532,0.1739271831799653,"At each source-grid point, spread = max subgroup isotonic curve - min subgroup isotonic curve."
daily_steps,scrf,vs,isotonic,headline_subgroup_curve,bmi_group,3,<25|25-<30|>=30,2572|2741|3246,101,2237.285714285714,22023.285714285714,5559.857142857143,508.49942445367304,0.0914590809418461,495.6580455837447,0.0891494210818935,989.5059442083456,0.1779732677987209,1059.0883699633705,0.1904884141356045,"At each source-grid point, spread = max subgroup isotonic curve - min subgroup isotonic curve."
daily_steps,scrf,vsrev,isotonic,headline_subgroup_curve,age_group,3,20-39|40-59|60+,2757|2949|2940,101,2237.285714285714,22023.285714285714,6301.767857142858,810.3264151574211,0.1285871573702832,799.117757936508,0.1268085045422187,1210.8733428172072,0.1921481987700832,1490.74693758359,0.236560116363835,"At each source-grid point, spread = max subgroup isotonic curve - min subgroup isotonic curve."
daily_steps,scrf,vsrev,isotonic,headline_subgroup_curve,sex,2,male|female,4161|4485,101,2237.285714285714,22023.285714285714,6301.767857142858,369.37155954485286,0.0586139584824886,336.79929761050926,0.0534452085899606,697.0591917674647,0.1106132767136716,1043.2678571428587,0.1655516167515353,"At each source-grid point, spread = max subgroup isotonic curve - min subgroup isotonic curve."
daily_steps,scrf,vsrev,isotonic,headline_subgroup_curve,bmi_group,3,<25|25-<30|>=30,2572|2741|3246,101,2237.285714285714,22023.285714285714,6301.767857142858,624.4660852977429,0.0990937939089473,613.2121539721538,0.0973079567310777,1117.357689742561,0.1773086084845335,1473.4801132011034,0.2338201194655178,"At each source-grid point, spread = max subgroup isotonic curve - min subgroup isotonic curve."
daily_steps,scssl,acti,isotonic,headline_subgroup_curve,age_group,3,20-39|40-59|60+,2757|2949|2940,101,1899.642857142857,17019.75,5482.084523809524,1033.5238202503822,0.1885275237478794,1007.9589597780888,0.1838641771027736,1963.1071946533011,0.3580950250086858,1963.1071946533011,0.3580950250086858,"At each source-grid point, spread = max subgroup isotonic curve - min subgroup isotonic curve."
daily_steps,scssl,acti,isotonic,headline_subgroup_curve,sex,2,male|female,4161|4485,101,1899.642857142857,17019.75,5482.084523809524,555.3913362931829,0.101310246837865,578.5080782312907,0.1055270263927421,1230.6170701824813,0.2244797694814307,1428.0486561969356,0.260493731899737,"At each source-grid point, spread = max subgroup isotonic curve - min subgroup isotonic curve."
daily_steps,scssl,acti,isotonic,headline_subgroup_curve,bmi_group,3,<25|25-<30|>=30,2572|2741|3246,101,1899.642857142857,17019.75,5482.084523809524,501.1398387607101,0.0914141028990311,478.678679094377,0.0873169096564277,836.6160714285716,0.1526091157104603,1110.2942474484844,0.2025313988914815,"At each source-grid point, spread = max subgroup isotonic curve - min subgroup isotonic curve."
daily_steps,scssl,adept,isotonic,headline_subgroup_curve,age_group,3,20-39|40-59|60+,2757|2949|2940,101,1899.642857142857,17019.75,1919.4027944454592,349.76461880400365,0.1822257526227345,364.69228179317906,0.1900029961655565,548.5171896013499,0.2857749249864063,604.7544696040209,0.3150742883953872,"At each source-grid point, spread = max subgroup isotonic curve - min subgroup isotonic curve."
daily_steps,scssl,adept,isotonic,headline_subgroup_curve,sex,2,male|female,4161|4485,101,1899.642857142857,17019.75,1919.4027944454592,164.6502289676926,0.0857820096147469,139.55704443408945,0.0727085762498378,365.3621593318444,0.1903519992724624,449.7781796084205,0.2343323563506467,"At each source-grid point, spread = max subgroup isotonic curve - min subgroup isotonic curve."
daily_steps,scssl,adept,isotonic,headline_subgroup_curve,bmi_group,3,<25|25-<30|>=30,2572|2741|3246,101,1899.642857142857,17019.75,1919.4027944454592,200.7671325514032,0.1045987497425768,178.64533728440244,0.0930733964759155,502.7428667589588,0.2619267139830375,573.7680635115203,0.2989305137889462,"At each source-grid point, spread = max subgroup isotonic curve - min subgroup isotonic curve."
daily_steps,scssl,oak,isotonic,headline_subgroup_curve,age_group,3,20-39|40-59|60+,2757|2949|2940,101,1899.642857142857,17019.75,6887.578571428576,2224.978587460024,0.3230422077055933,2087.7438145911983,0.3031172411232722,3293.413220363618,0.4781670635345681,3750.963560818942,0.5445982970530298,"At each source-grid point, spread = max subgroup isotonic curve - min subgroup isotonic curve."
daily_steps,scssl,oak,isotonic,headline_subgroup_curve,sex,2,male|female,4161|4485,101,1899.642857142857,17019.75,6887.578571428576,834.0555771767246,0.1210956170629542,848.6905227487023,0.1232204488046475,1439.4526261266828,0.2089925524912191,1826.9352582174251,0.2652507320636626,"At each source-grid point, spread = max subgroup isotonic curve - min subgroup isotonic curve."
daily_steps,scssl,oak,isotonic,headline_subgroup_curve,bmi_group,3,<25|25-<30|>=30,2572|2741|3246,101,1899.642857142857,17019.75,6887.578571428576,576.6195369892098,0.0837187599399844,477.3072004452188,0.0692997104127726,1115.7623403275934,0.161996313908644,1352.7874241689142,0.1964097266027018,"At each source-grid point, spread = max subgroup isotonic curve - min subgroup isotonic curve."
daily_steps,scssl,scrf,isotonic,headline_subgroup_curve,age_group,3,20-39|40-59|60+,2757|2949|2940,101,1899.642857142857,17019.75,7482.482142857143,2135.753625611915,0.2854338419839369,2102.57914061247,0.2810002216469857,2896.0240901360594,0.3870405615201681,4293.887050092773,0.5738586431765512,"At each source-grid point, spread = max subgroup isotonic curve - min subgroup isotonic curve."
daily_steps,scssl,scrf,isotonic,headline_subgroup_curve,sex,2,male|female,4161|4485,101,1899.642857142857,17019.75,7482.482142857143,497.8307270980025,0.0665328319658252,426.2858543417369,0.0569711823166426,1067.6664710884395,0.1426888097698496,1480.7905582922813,0.197900981254711,"At each source-grid point, spread = max subgroup isotonic curve - min subgroup isotonic curve."
daily_steps,scssl,scrf,isotonic,headline_subgroup_curve,bmi_group,3,<25|25-<30|>=30,2572|2741|3246,101,1899.642857142857,17019.75,7482.482142857143,693.0076230911868,0.0926173440657976,594.6629048915875,0.0794740159131898,1578.0241105214009,0.2108958070855938,1789.6726875522108,0.2391816850856973,"At each source-grid point, spread = max subgroup isotonic curve - min subgroup isotonic curve."
daily_steps,scssl,vs,isotonic,headline_subgroup_curve,age_group,3,20-39|40-59|60+,2757|2949|2940,101,1899.642857142857,17019.75,5559.857142857143,1347.9242634354264,0.2424386506345996,1328.5556883640547,0.23895500445922,2003.0072755292897,0.3602623635937466,2045.4232705445047,0.3678913356923747,"At each source-grid point, spread = max subgroup isotonic curve - min subgroup isotonic curve."
daily_steps,scssl,vs,isotonic,headline_subgroup_curve,sex,2,male|female,4161|4485,101,1899.642857142857,17019.75,5559.857142857143,565.5193718593047,0.1017147306717832,568.1757193786616,0.1021925032927524,1053.89982773471,0.1895551991095087,1341.9457134425247,0.2413633442302647,"At each source-grid point, spread = max subgroup isotonic curve - min subgroup isotonic curve."
daily_steps,scssl,vs,isotonic,headline_subgroup_curve,bmi_group,3,<25|25-<30|>=30,2572|2741|3246,101,1899.642857142857,17019.75,5559.857142857143,414.0359516934154,0.0744688111681674,382.13410079524874,0.0687309207730604,851.8764869111328,0.1532191322587407,1005.8012032770098,0.1809041450946598,"At each source-grid point, spread = max subgroup isotonic curve - min subgroup isotonic curve."
daily_steps,scssl,vsrev,isotonic,headline_subgroup_curve,age_group,3,20-39|40-59|60+,2757|2949|2940,101,1899.642857142857,17019.75,6301.767857142858,2431.5543536844075,0.3858527335195815,2436.540488198756,0.3866439614142583,3438.472090409601,0.5456361085266256,3457.8456654456695,0.5487104164788154,"At each source-grid point, spread = max subgroup isotonic curve - min subgroup isotonic curve."
daily_steps,scssl,vsrev,isotonic,headline_subgroup_curve,sex,2,male|female,4161|4485,101,1899.642857142857,17019.75,6301.767857142858,635.4029436848165,0.1008293161679396,651.3254644165318,0.1033559913950614,1109.3608292762085,0.1760396216466118,1510.0798787214462,0.239627976300304,"At each source-grid point, spread = max subgroup isotonic curve - min subgroup isotonic curve."
daily_steps,scssl,vsrev,isotonic,headline_subgroup_curve,bmi_group,3,<25|25-<30|>=30,2572|2741|3246,101,1899.642857142857,17019.75,6301.767857142858,575.2362845092315,0.0912817319757691,557.427607281059,0.088455750817484,1150.589155134987,0.1825819644928415,1474.8395223268362,0.2340358381585179,"At each source-grid point, spread = max subgroup isotonic curve - min subgroup isotonic curve."
daily_steps,vs,acti,isotonic,headline_subgroup_curve,age_group,3,20-39|40-59|60+,2757|2949|2940,101,2596.107142857143,16671.428571428572,5482.084523809524,477.8841898557006,0.0871719849958856,424.1826007325999,0.0773761511502258,876.5497580332922,0.1598935139044835,1153.530292116846,0.210418188028092,"At each source-grid point, spread = max subgroup isotonic curve - min subgroup isotonic curve."
daily_steps,vs,acti,isotonic,headline_subgroup_curve,sex,2,male|female,4161|4485,101,2596.107142857143,16671.428571428572,5482.084523809524,257.13151786555807,0.0469039681436499,204.65283517076568,0.037331207551056,635.7248627726913,0.1159640753460917,1007.3564783320762,0.1837542770376805,"At each source-grid point, spread = max subgroup isotonic curve - min subgroup isotonic curve."
daily_steps,vs,acti,isotonic,headline_subgroup_curve,bmi_group,3,<25|25-<30|>=30,2572|2741|3246,101,2596.107142857143,16671.428571428572,5482.084523809524,360.1153152723725,0.0656894861267346,337.5531145791647,0.0615738617515144,641.2629787947371,0.1169742961841676,1094.7444552179822,0.1996949245243011,"At each source-grid point, spread = max subgroup isotonic curve - min subgroup isotonic curve."
daily_steps,vs,adept,isotonic,headline_subgroup_curve,age_group,3,20-39|40-59|60+,2757|2949|2940,101,2596.107142857143,16671.428571428572,1919.4027944454592,211.0466463281564,0.1099543289917583,186.41238147996137,0.0971199906655436,427.4734361214537,0.2227116879054854,572.3816497068419,0.2982081985934643,"At each source-grid point, spread = max subgroup isotonic curve - min subgroup isotonic curve."
daily_steps,vs,adept,isotonic,headline_subgroup_curve,sex,2,male|female,4161|4485,101,2596.107142857143,16671.428571428572,1919.4027944454592,416.2066347636059,0.2168417363817861,399.4652461929263,0.2081195501793239,747.7377497304951,0.3895679176326959,983.4203795081594,0.5123574803340236,"At each source-grid point, spread = max subgroup isotonic curve - min subgroup isotonic curve."
daily_steps,vs,adept,isotonic,headline_subgroup_curve,bmi_group,3,<25|25-<30|>=30,2572|2741|3246,101,2596.107142857143,16671.428571428572,1919.4027944454592,230.5202817348286,0.1201000031894967,213.11288092637824,0.1110308276840606,454.6634900607901,0.2368775805560647,611.1514826218736,0.3184071026625983,"At each source-grid point, spread = max subgroup isotonic curve - min subgroup isotonic curve."
daily_steps,vs,oak,isotonic,headline_subgroup_curve,age_group,3,20-39|40-59|60+,2757|2949|2940,101,2596.107142857143,16671.428571428572,6887.578571428576,787.6069312818777,0.1143517889652934,728.7355401785717,0.1058043160772861,1589.5529007018013,0.2307854471955746,1790.720153223363,0.2599927005771992,"At each source-grid point, spread = max subgroup isotonic curve - min subgroup isotonic curve."
daily_steps,vs,oak,isotonic,headline_subgroup_curve,sex,2,male|female,4161|4485,101,2596.107142857143,16671.428571428572,6887.578571428576,214.6521169233501,0.0311651060960351,181.05327292110996,0.0262869266816301,572.1519660572558,0.0830701182024532,775.9069719369272,0.1126530846639755,"At each source-grid point, spread = max subgroup isotonic curve - min subgroup isotonic curve."
daily_steps,vs,oak,isotonic,headline_subgroup_curve,bmi_group,3,<25|25-<30|>=30,2572|2741|3246,101,2596.107142857143,16671.428571428572,6887.578571428576,348.81321202906673,0.0506438087655409,327.4786765323497,0.0475462708898617,651.3851391727658,0.0945738959516014,1038.921538825758,0.1508398819776036,"At each source-grid point, spread = max subgroup isotonic curve - min subgroup isotonic curve."
daily_steps,vs,scrf,isotonic,headline_subgroup_curve,age_group,3,20-39|40-59|60+,2757|2949|2940,101,2596.107142857143,16671.428571428572,7482.482142857143,915.9840894841996,0.1224171434018867,744.5174603174619,0.0995014015540533,1965.426122448982,0.2626703391902109,2902.6421361900248,0.3879250335346162,"At each source-grid point, spread = max subgroup isotonic curve - min subgroup isotonic curve."
daily_steps,vs,scrf,isotonic,headline_subgroup_curve,sex,2,male|female,4161|4485,101,2596.107142857143,16671.428571428572,7482.482142857143,606.4147824553189,0.0810446013605537,531.9748382111484,0.0710960384608438,1518.7987832006002,0.2029806091352268,2440.181483868615,0.3261192525795786,"At each source-grid point, spread = max subgroup isotonic curve - min subgroup isotonic curve."
daily_steps,vs,scrf,isotonic,headline_subgroup_curve,bmi_group,3,<25|25-<30|>=30,2572|2741|3246,101,2596.107142857143,16671.428571428572,7482.482142857143,545.1553932096707,0.0728575602054836,504.4533240568926,0.0674179121881966,1138.123555540371,0.1521050814169781,1771.5882647494327,0.2367647835204805,"At each source-grid point, spread = max subgroup isotonic curve - min subgroup isotonic curve."
daily_steps,vs,scssl,isotonic,headline_subgroup_curve,age_group,3,20-39|40-59|60+,2757|2949|2940,101,2596.107142857143,16671.428571428572,5813.0,760.7992659651029,0.1308789378918119,753.2770926892426,0.1295849118680961,1109.2311474424732,0.1908190516845816,1403.3725780458915,0.2414196762507985,"At each source-grid point, spread = max subgroup isotonic curve - min subgroup isotonic curve."
daily_steps,vs,scssl,isotonic,headline_subgroup_curve,sex,2,male|female,4161|4485,101,2596.107142857143,16671.428571428572,5813.0,1051.8485428032434,0.1809476247726205,942.1130757220922,0.1620700285088753,2152.153286528286,0.3702310831805068,2476.113955026456,0.4259614579436532,"At each source-grid point, spread = max subgroup isotonic curve - min subgroup isotonic curve."
daily_steps,vs,scssl,isotonic,headline_subgroup_curve,bmi_group,3,<25|25-<30|>=30,2572|2741|3246,101,2596.107142857143,16671.428571428572,5813.0,595.3192682696538,0.1024117096627651,612.5895260057368,0.1053826812327089,1050.889478957777,0.1807826387334899,1278.5231601731602,0.2199420540466472,"At each source-grid point, spread = max subgroup isotonic curve - min subgroup isotonic curve."
daily_steps,vs,vsrev,isotonic,headline_subgroup_curve,age_group,3,20-39|40-59|60+,2757|2949|2940,101,2596.107142857143,16671.428571428572,6301.767857142858,936.1975958427008,0.1485611049257471,912.407891156462,0.1447860206596274,1587.6637057387015,0.2519394147372684,1692.6084593837531,0.2685926390425877,"At each source-grid point, spread = max subgroup isotonic curve - min subgroup isotonic curve."
daily_steps,vs,vsrev,isotonic,headline_subgroup_curve,sex,2,male|female,4161|4485,101,2596.107142857143,16671.428571428572,6301.767857142858,158.45206406480676,0.0251440655474489,127.49376196366028,0.0202314278871999,375.4653987910988,0.0595809631999567,692.8938997338046,0.1099523047248449,"At each source-grid point, spread = max subgroup isotonic curve - min subgroup isotonic curve."
daily_steps,vs,vsrev,isotonic,headline_subgroup_curve,bmi_group,3,<25|25-<30|>=30,2572|2741|3246,101,2596.107142857143,16671.428571428572,6301.767857142858,291.56379687730265,0.0462669846758674,238.6592041062986,0.0378717860633006,669.680329407749,0.1062686447024047,1010.1648343208252,0.1602986427333775,"At each source-grid point, spread = max subgroup isotonic curve - min subgroup isotonic curve."
daily_steps,vsrev,acti,isotonic,headline_subgroup_curve,age_group,3,20-39|40-59|60+,2757|2949|2940,101,1584.392857142857,17553.839285714286,5482.084523809524,971.616127061744,0.1772347950568561,942.2444055691049,0.171877029891968,1551.5038492063504,0.2830134855578993,1768.7233646094885,0.3226370109631937,"At each source-grid point, spread = max subgroup isotonic curve - min subgroup isotonic curve."
daily_steps,vsrev,acti,isotonic,headline_subgroup_curve,sex,2,male|female,4161|4485,101,1584.392857142857,17553.839285714286,5482.084523809524,335.9393488563451,0.0612794909303768,245.48466396817548,0.0447794379860431,975.8217241033816,0.1780019479570663,1223.913684075782,0.2232569889720122,"At each source-grid point, spread = max subgroup isotonic curve - min subgroup isotonic curve."
daily_steps,vsrev,acti,isotonic,headline_subgroup_curve,bmi_group,3,<25|25-<30|>=30,2572|2741|3246,101,1584.392857142857,17553.839285714286,5482.084523809524,408.2404729183502,0.0744681099215635,402.15474161255224,0.0733579972847797,806.9774101382463,0.1472026574259154,954.8475972706146,0.1741760078896206,"At each source-grid point, spread = max subgroup isotonic curve - min subgroup isotonic curve."
daily_steps,vsrev,adept,isotonic,headline_subgroup_curve,age_group,3,20-39|40-59|60+,2757|2949|2940,101,1584.392857142857,17553.839285714286,1919.4027944454592,308.65458046441233,0.1608076123248464,291.4029666470533,0.1518196011229854,501.1008212082584,0.2610712158273339,887.665791488867,0.4624697817767454,"At each source-grid point, spread = max subgroup isotonic curve - min subgroup isotonic curve."
daily_steps,vsrev,adept,isotonic,headline_subgroup_curve,sex,2,male|female,4161|4485,101,1584.392857142857,17553.839285714286,1919.4027944454592,449.21642924887897,0.2340396870051778,414.9902012966795,0.216207980158003,963.8948600490558,0.5021847747843555,1184.8034396746507,0.6172771255222413,"At each source-grid point, spread = max subgroup isotonic curve - min subgroup isotonic curve."
daily_steps,vsrev,adept,isotonic,headline_subgroup_curve,bmi_group,3,<25|25-<30|>=30,2572|2741|3246,101,1584.392857142857,17553.839285714286,1919.4027944454592,277.2226651803454,0.144431729485128,278.9716268018524,0.1453429304204232,529.3149677671281,0.2757706560076433,632.3190470829968,0.3294353060821098,"At each source-grid point, spread = max subgroup isotonic curve - min subgroup isotonic curve."
daily_steps,vsrev,oak,isotonic,headline_subgroup_curve,age_group,3,20-39|40-59|60+,2757|2949|2940,101,1584.392857142857,17553.839285714286,6887.578571428576,543.5293673318839,0.0789144343973921,502.7788789682527,0.072997915559745,1469.0692404884649,0.2132925563393987,1592.9416718426546,0.2312774591712944,"At each source-grid point, spread = max subgroup isotonic curve - min subgroup isotonic curve."
daily_steps,vsrev,oak,isotonic,headline_subgroup_curve,sex,2,male|female,4161|4485,101,1584.392857142857,17553.839285714286,6887.578571428576,241.69515946457895,0.0350914558662447,187.11878297075236,0.0271675714520293,626.3795751231519,0.0909433654552462,798.712898478836,0.1159642521962798,"At each source-grid point, spread = max subgroup isotonic curve - min subgroup isotonic curve."
daily_steps,vsrev,oak,isotonic,headline_subgroup_curve,bmi_group,3,<25|25-<30|>=30,2572|2741|3246,101,1584.392857142857,17553.839285714286,6887.578571428576,381.761451309912,0.055427527591998,317.92372547918603,0.0461589979964823,907.2373684210544,0.1317208012964825,1063.2747408963623,0.1543756967516996,"At each source-grid point, spread = max subgroup isotonic curve - min subgroup isotonic curve."
daily_steps,vsrev,scrf,isotonic,headline_subgroup_curve,age_group,3,20-39|40-59|60+,2757|2949|2940,101,1584.392857142857,17553.839285714286,7482.482142857143,698.1295151442021,0.0933018618441534,631.0548295985063,0.0843376325596604,1399.9507482993183,0.1870971051545678,1799.1390471466402,0.2404468213618281,"At each source-grid point, spread = max subgroup isotonic curve - min subgroup isotonic curve."
daily_steps,vsrev,scrf,isotonic,headline_subgroup_curve,sex,2,male|female,4161|4485,101,1584.392857142857,17553.839285714286,7482.482142857143,614.2725123875871,0.0820947515356221,499.4604863221871,0.0667506419375791,1607.2904661035536,0.2148071235476171,2061.6230069555895,0.2755266190542982,"At each source-grid point, spread = max subgroup isotonic curve - min subgroup isotonic curve."
daily_steps,vsrev,scrf,isotonic,headline_subgroup_curve,bmi_group,3,<25|25-<30|>=30,2572|2741|3246,101,1584.392857142857,17553.839285714286,7482.482142857143,668.7399440688691,0.0893740781870432,532.5091749520311,0.0711674501569469,1610.3279621435686,0.2152130711973439,1724.4784501315553,0.2304687692142053,"At each source-grid point, spread = max subgroup isotonic curve - min subgroup isotonic curve."
daily_steps,vsrev,scssl,isotonic,headline_subgroup_curve,age_group,3,20-39|40-59|60+,2757|2949|2940,101,1584.392857142857,17553.839285714286,5813.0,1312.5198214511158,0.225790438921575,1327.5804972848,0.2283813000661964,1852.4600414078668,0.3186753898860944,2257.7650109985425,0.3883992793735665,"At each source-grid point, spread = max subgroup isotonic curve - min subgroup isotonic curve."
daily_steps,vsrev,scssl,isotonic,headline_subgroup_curve,sex,2,male|female,4161|4485,101,1584.392857142857,17553.839285714286,5813.0,1110.220144840932,0.1909891871393311,920.6897001329252,0.1583846034978367,2337.224256302523,0.4020685113198904,2619.6824947089954,0.4506592972146904,"At each source-grid point, spread = max subgroup isotonic curve - min subgroup isotonic curve."
daily_steps,vsrev,scssl,isotonic,headline_subgroup_curve,bmi_group,3,<25|25-<30|>=30,2572|2741|3246,101,1584.392857142857,17553.839285714286,5813.0,759.6865236266634,0.1306875148162159,774.5365438483113,0.1332421372524189,1231.3959603034446,0.2118348460869507,1444.978413120567,0.2485770536935432,"At each source-grid point, spread = max subgroup isotonic curve - min subgroup isotonic curve."
daily_steps,vsrev,vs,isotonic,headline_subgroup_curve,age_group,3,20-39|40-59|60+,2757|2949|2940,101,1584.392857142857,17553.839285714286,5559.857142857143,779.0987070164151,0.1401292671732291,741.8669848584595,0.1334327422084127,1362.6124542124562,0.2450804794441582,1685.7310924369722,0.3031968356601867,"At each source-grid point, spread = max subgroup isotonic curve - min subgroup isotonic curve."
daily_steps,vsrev,vs,isotonic,headline_subgroup_curve,sex,2,male|female,4161|4485,101,1584.392857142857,17553.839285714286,5559.857142857143,139.56726414805553,0.0251026709071761,120.87265214709988,0.0217402442259487,389.0595848595822,0.0699765434368065,452.2698192790658,0.0813455827475901,"At each source-grid point, spread = max subgroup isotonic curve - min subgroup isotonic curve."
daily_steps,vsrev,vs,isotonic,headline_subgroup_curve,bmi_group,3,<25|25-<30|>=30,2572|2741|3246,101,1584.392857142857,17553.839285714286,5559.857142857143,282.08715854564616,0.0507364040653542,261.21785714285943,0.0469828361468695,608.617706766916,0.1094664289259336,716.2047799355623,0.1288171191333008,"At each source-grid point, spread = max subgroup isotonic curve - min subgroup isotonic curve."
