analysis_weighting,baseline_960_observed_target_attainment_pct,delta_vs_960_observed_target_attainment_pct,n_source_directions_checked,observed_target_attainment_pct,target_algorithm,threshold_target_steps,wear_threshold
unweighted_primary,88.11010872079575,-0.844232626370399,6,87.26587609442535,acti,7000.0,600
WTMEC4YR_weighted_sensitivity,89.46378588203736,-0.8076446157637349,6,88.65614126627362,acti,7000.0,600
unweighted_primary,82.65093684941013,-1.347600930092824,6,81.3033359193173,acti,8000.0,600
WTMEC4YR_weighted_sensitivity,84.43691471024445,-1.411706997412253,6,83.0252077128322,acti,8000.0,600
unweighted_primary,66.06523247744622,-1.8737218933832624,6,64.19151058406295,acti,10000.0,600
WTMEC4YR_weighted_sensitivity,67.68682301987573,-1.827161472771678,6,65.85966154710405,acti,10000.0,600
unweighted_primary,1.4341892204487623,-0.0599234551822214,6,1.374265765266541,adept,7000.0,600
WTMEC4YR_weighted_sensitivity,1.257298010862412,-0.1021936632350433,6,1.1551043476273688,adept,7000.0,600
unweighted_primary,0.7864908628267407,-0.0550268264751946,6,0.7314640363515461,adept,8000.0,600
WTMEC4YR_weighted_sensitivity,0.636989421559268,-0.076366872697938,6,0.5606225488613299,adept,8000.0,600
unweighted_primary,0.1966227157066851,-0.0303808892631519,6,0.1662418264435332,adept,10000.0,600
WTMEC4YR_weighted_sensitivity,0.1567044574581063,-0.0194447351853486,6,0.1372597222727576,adept,10000.0,600
unweighted_primary,78.94980337728428,-0.6499031223801524,6,78.29990025490413,oak,7000.0,600
WTMEC4YR_weighted_sensitivity,81.39859010675782,-0.59807852565406,6,80.80051158110376,oak,7000.0,600
unweighted_primary,72.60004626416841,-0.8944051248577694,6,71.70564113931064,oak,8000.0,600
WTMEC4YR_weighted_sensitivity,75.17345254669901,-0.954925141825356,6,74.21852740487365,oak,8000.0,600
unweighted_primary,57.841776544066626,-1.5190457449975838,6,56.32273079906904,oak,10000.0,600
WTMEC4YR_weighted_sensitivity,60.1375871777248,-1.51915463082576,6,58.61843254689904,oak,10000.0,600
unweighted_primary,74.77446217904233,-0.6749387389448032,6,74.09952344009753,scrf,7000.0,600
WTMEC4YR_weighted_sensitivity,77.23739157627551,-0.7967419861416403,6,76.44064959013387,scrf,7000.0,600
unweighted_primary,68.37844089752487,-0.9507560920278024,6,67.42768480549707,scrf,8000.0,600
WTMEC4YR_weighted_sensitivity,70.89566009975302,-1.0366931300060855,6,69.85896696974693,scrf,8000.0,600
unweighted_primary,53.7589636826278,-1.1489670074643286,6,52.60999667516347,scrf,10000.0,600
WTMEC4YR_weighted_sensitivity,56.31034009325487,-1.2121864565562743,6,55.0981536366986,scrf,10000.0,600
unweighted_primary,62.13277816331251,-1.1441934353949748,6,60.98858472791754,scssl,7000.0,600
WTMEC4YR_weighted_sensitivity,64.62371084842717,-1.011582836605719,6,63.61212801182145,scssl,7000.0,600
unweighted_primary,52.81054823039556,-1.3199131866185496,6,51.49063504377701,scssl,8000.0,600
WTMEC4YR_weighted_sensitivity,55.40049692293868,-1.3731052038860838,6,54.027391719052595,scssl,8000.0,600
unweighted_primary,35.04510756419153,-1.153940546569899,6,33.89116701762163,scssl,10000.0,600
WTMEC4YR_weighted_sensitivity,36.30783234769952,-1.2077624906388067,6,35.10006985706072,scssl,10000.0,600
unweighted_primary,68.58662965533195,-1.314103887848859,6,67.27252576748309,vs,7000.0,600
WTMEC4YR_weighted_sensitivity,70.72319292261237,-1.3333973574956133,6,69.38979556511676,vs,7000.0,600
unweighted_primary,58.74392782789729,-1.4348288585966102,6,57.30909896930068,vs,8000.0,600
WTMEC4YR_weighted_sensitivity,60.29697333925708,-1.4183431381007807,6,58.8786302011563,vs,8000.0,600
unweighted_primary,39.28984501503586,-1.6194471429312358,6,37.67039787210462,vs,10000.0,600
WTMEC4YR_weighted_sensitivity,39.62514592793926,-1.7453776720702263,6,37.87976825586903,vs,10000.0,600
unweighted_primary,59.900532037936614,-1.0620082653554306,6,58.83852377258118,vsrev,7000.0,600
WTMEC4YR_weighted_sensitivity,62.40355686108578,-1.1916098708557,6,61.21194699023008,vsrev,7000.0,600
unweighted_primary,51.3763590099468,-1.226741366147614,6,50.14961764379918,vsrev,8000.0,600
WTMEC4YR_weighted_sensitivity,53.33706868189915,-1.3470645243190873,6,51.99000415758006,vsrev,8000.0,600
unweighted_primary,34.605597964376585,-0.9250039269167588,6,33.68059403745983,vsrev,10000.0,600
WTMEC4YR_weighted_sensitivity,35.26419613458566,-0.9706079281030284,6,34.29358820648263,vsrev,10000.0,600
unweighted_primary,88.11010872079575,-0.4534390699452615,6,87.65666965085049,acti,7000.0,720
WTMEC4YR_weighted_sensitivity,89.46378588203736,-0.4525781370304855,6,89.01120774500687,acti,7000.0,720
unweighted_primary,82.65093684941013,-0.8693791054531061,6,81.78155774395702,acti,8000.0,720
WTMEC4YR_weighted_sensitivity,84.43691471024445,-0.890686657448768,6,83.54622805279568,acti,8000.0,720
unweighted_primary,66.06523247744622,-1.2487597827282144,6,64.816472694718,acti,10000.0,720
WTMEC4YR_weighted_sensitivity,67.68682301987573,-1.2084789975997836,6,66.47834402227595,acti,10000.0,720
unweighted_primary,1.4341892204487623,-0.0577344308337222,6,1.3764547896150403,adept,7000.0,720
WTMEC4YR_weighted_sensitivity,1.257298010862412,-0.078413718236487,6,1.178884292625925,adept,7000.0,720
unweighted_primary,0.7864908628267407,-0.0479053659601337,6,0.738585496866607,adept,8000.0,720
WTMEC4YR_weighted_sensitivity,0.636989421559268,-0.0530373321359444,6,0.5839520894233236,adept,8000.0,720
unweighted_primary,0.1966227157066851,-0.0175716861632653,6,0.1790510295434198,adept,10000.0,720
WTMEC4YR_weighted_sensitivity,0.1567044574581063,-0.0114034388533799,6,0.1453010186047264,adept,10000.0,720
unweighted_primary,78.94980337728428,-0.3352107183764872,6,78.6145926589078,oak,7000.0,720
WTMEC4YR_weighted_sensitivity,81.39859010675782,-0.2686558871501177,6,81.1299342196077,oak,7000.0,720
unweighted_primary,72.60004626416841,-0.5543882516348333,6,72.04565801253358,oak,8000.0,720
WTMEC4YR_weighted_sensitivity,75.17345254669901,-0.5911861406433303,6,74.58226640605568,oak,8000.0,720
unweighted_primary,57.841776544066626,-0.9035491492591065,6,56.93822739480752,oak,10000.0,720
WTMEC4YR_weighted_sensitivity,60.1375871777248,-0.878942638864153,6,59.25864453886065,oak,10000.0,720
unweighted_primary,74.77446217904233,-0.4794756078695457,6,74.29498657117279,scrf,7000.0,720
WTMEC4YR_weighted_sensitivity,77.23739157627551,-0.6118371190341634,6,76.62555445724135,scrf,7000.0,720
unweighted_primary,68.37844089752487,-0.5852448366475187,6,67.79319606087735,scrf,8000.0,720
WTMEC4YR_weighted_sensitivity,70.89566009975302,-0.6487966601986415,6,70.24686343955437,scrf,8000.0,720
unweighted_primary,53.7589636826278,-0.6815241123502744,6,53.07743957027753,scrf,10000.0,720
WTMEC4YR_weighted_sensitivity,56.31034009325487,-0.7500563142290417,6,55.56028377902583,scrf,10000.0,720
unweighted_primary,62.13277816331251,-0.7070843405730329,6,61.42569382273948,scssl,7000.0,720
WTMEC4YR_weighted_sensitivity,64.62371084842717,-0.6100185482967788,6,64.01369230013039,scssl,7000.0,720
unweighted_primary,52.81054823039556,-0.8074148373785519,6,52.00313339301701,scssl,8000.0,720
WTMEC4YR_weighted_sensitivity,55.40049692293868,-0.9263218184889084,6,54.47417510444977,scssl,8000.0,720
unweighted_primary,35.04510756419153,-0.7344540279337011,6,34.31065353625783,scssl,10000.0,720
WTMEC4YR_weighted_sensitivity,36.30783234769952,-0.8269539477200851,6,35.48087839997944,scssl,10000.0,720
unweighted_primary,68.58662965533195,-0.7598615264152073,6,67.82676812891674,vs,7000.0,720
WTMEC4YR_weighted_sensitivity,70.72319292261237,-0.7928055211362022,6,69.93038740147617,vs,7000.0,720
unweighted_primary,58.74392782789729,-0.8880639066797471,6,57.85586392121754,vs,8000.0,720
WTMEC4YR_weighted_sensitivity,60.29697333925708,-0.930685140996026,6,59.36628819826105,vs,8000.0,720
unweighted_primary,39.28984501503586,-1.0176874501298556,6,38.272157564906,vs,10000.0,720
WTMEC4YR_weighted_sensitivity,39.62514592793926,-1.1216551713501346,6,38.50349075658912,vs,10000.0,720
unweighted_primary,59.900532037936614,-0.6682133271040271,6,59.23231871083259,vsrev,7000.0,720
WTMEC4YR_weighted_sensitivity,62.40355686108578,-0.7891056581770641,6,61.61445120290872,vsrev,7000.0,720
unweighted_primary,51.3763590099468,-0.7384897171983553,6,50.63786929274844,vsrev,8000.0,720
WTMEC4YR_weighted_sensitivity,53.33706868189915,-0.8993845471602313,6,52.43768413473891,vsrev,8000.0,720
unweighted_primary,34.605597964376585,-0.5411395937409509,6,34.064458370635634,vsrev,10000.0,720
WTMEC4YR_weighted_sensitivity,35.26419613458566,-0.6604637875844332,6,34.60373234700123,vsrev,10000.0,720
unweighted_primary,88.11010872079575,1.5377960647237074,6,89.64790478551946,acti,7000.0,1296
WTMEC4YR_weighted_sensitivity,89.46378588203736,1.4292240510596486,6,90.893009933097,acti,7000.0,1296
unweighted_primary,82.65093684941013,1.8023237506394592,6,84.45326060004959,acti,8000.0,1296
WTMEC4YR_weighted_sensitivity,84.43691471024445,1.6184206821909584,6,86.05533539243541,acti,8000.0,1296
unweighted_primary,66.06523247744622,2.122221031108211,6,68.18745350855443,acti,10000.0,1296
WTMEC4YR_weighted_sensitivity,67.68682301987573,2.1781068111394006,6,69.86492983101513,acti,10000.0,1296
unweighted_primary,1.4341892204487623,0.0907301943789093,6,1.524919414827672,adept,7000.0,1296
WTMEC4YR_weighted_sensitivity,1.257298010862412,0.1120353488418537,6,1.3693333597042658,adept,7000.0,1296
unweighted_primary,0.7864908628267407,0.0689517357351239,6,0.8554425985618647,adept,8000.0,1296
WTMEC4YR_weighted_sensitivity,0.636989421559268,0.0506789777854048,6,0.6876683993446728,adept,8000.0,1296
unweighted_primary,0.1966227157066851,0.0265362230485838,6,0.223158938755269,adept,10000.0,1296
WTMEC4YR_weighted_sensitivity,0.1567044574581063,-0.0107383517370752,6,0.145966105721031,adept,10000.0,1296
unweighted_primary,78.94980337728428,1.461800887530984,6,80.41160426481527,oak,7000.0,1296
WTMEC4YR_weighted_sensitivity,81.39859010675782,1.298195911341992,6,82.69678601809981,oak,7000.0,1296
unweighted_primary,72.60004626416841,1.64989174723749,6,74.2499380114059,oak,8000.0,1296
WTMEC4YR_weighted_sensitivity,75.17345254669901,1.6107082427127324,6,76.78416078941174,oak,8000.0,1296
unweighted_primary,57.841776544066626,1.67967150949152,6,59.521448053558146,oak,10000.0,1296
WTMEC4YR_weighted_sensitivity,60.1375871777248,1.8545002204000909,6,61.992087398124895,oak,10000.0,1296
unweighted_primary,74.77446217904233,1.1615655918478325,6,75.93602777089016,scrf,7000.0,1296
WTMEC4YR_weighted_sensitivity,77.23739157627551,1.0816115999971174,6,78.31900317627263,scrf,7000.0,1296
unweighted_primary,68.37844089752487,1.4579092140545953,6,69.83635011157946,scrf,8000.0,1296
WTMEC4YR_weighted_sensitivity,70.89566009975302,1.2496440836150953,6,72.14530418336811,scrf,8000.0,1296
unweighted_primary,53.7589636826278,1.7704189109749675,6,55.52938259360277,scrf,10000.0,1296
WTMEC4YR_weighted_sensitivity,56.31034009325487,1.927559801750988,6,58.23789989500586,scrf,10000.0,1296
unweighted_primary,62.13277816331251,1.1699741302654658,6,63.30275229357798,scssl,7000.0,1296
WTMEC4YR_weighted_sensitivity,64.62371084842717,0.9666332177234124,6,65.59034406615058,scssl,7000.0,1296
unweighted_primary,52.81054823039556,1.4046761683150777,6,54.21522439871064,scssl,8000.0,1296
WTMEC4YR_weighted_sensitivity,55.40049692293868,1.189850290893638,6,56.59034721383232,scssl,8000.0,1296
unweighted_primary,35.04510756419153,1.3793903281962727,6,36.424497892387805,scssl,10000.0,1296
WTMEC4YR_weighted_sensitivity,36.30783234769952,1.6664722678104766,6,37.97430461551,scssl,10000.0,1296
unweighted_primary,68.58662965533195,1.3365044879856924,6,69.92313414331764,vs,7000.0,1296
WTMEC4YR_weighted_sensitivity,70.72319292261237,0.9695825430287924,6,71.69277546564116,vs,7000.0,1296
unweighted_primary,58.74392782789729,1.694951418321402,6,60.43887924621869,vs,8000.0,1296
WTMEC4YR_weighted_sensitivity,60.29697333925708,1.5828963544393844,6,61.87986969369646,vs,8000.0,1296
unweighted_primary,39.28984501503586,1.820990591212592,6,41.11083560624845,vs,10000.0,1296
WTMEC4YR_weighted_sensitivity,39.62514592793926,1.7795194275857469,6,41.404665355525005,vs,10000.0,1296
unweighted_primary,59.900532037936614,1.6169487455992169,6,61.51748078353583,vsrev,7000.0,1296
WTMEC4YR_weighted_sensitivity,62.40355686108578,1.6193559434240186,6,64.0229128045098,vsrev,7000.0,1296
unweighted_primary,51.3763590099468,1.450320880953278,6,52.826679890900074,vsrev,8000.0,1296
WTMEC4YR_weighted_sensitivity,53.33706868189915,1.4132278900787083,6,54.750296571977856,vsrev,8000.0,1296
unweighted_primary,34.605597964376585,1.5585478327967337,6,36.16414579717332,vsrev,10000.0,1296
WTMEC4YR_weighted_sensitivity,35.26419613458566,1.800946938306545,6,37.065143072892205,vsrev,10000.0,1296
