baseline_960_common_support_linear_h_per_target_iqr,baseline_960_full_range_h_per_target_iqr,baseline_960_grouped_oof_mae_per_target_iqr,common_support_linear_h_driver,common_support_linear_h_per_target_iqr,common_support_linear_h_reason,delta_vs_960_common_support_linear_h_per_target_iqr,delta_vs_960_full_range_h_per_target_iqr,delta_vs_960_grouped_oof_mae_per_target_iqr,full_range_h_driver,full_range_h_per_target_iqr,full_range_h_reason,grouped_oof_mae_per_target_iqr,n,source_algorithm,target_algorithm,target_iqr,wear_threshold
0.3302687017702774,0.326836552910744,0.402173852123114,sex,0.3783267497063292,ESTIMATED,0.048058047936051784,0.0514901967955852,0.003777195793381871,sex,0.3783267497063292,ESTIMATED,0.4059510479164959,9023,acti,adept,1891.8838008096018,600
0.2382564572094381,0.2422376149418335,0.1621803430204026,age_group,0.2601928943919358,ESTIMATED,0.021936437182497714,0.0246776825518778,0.003036716014001767,age_group,0.2669152974937113,ESTIMATED,0.16521705903440437,9023,acti,oak,6778.805357142856,600
0.2461704464688786,0.3104461498615042,0.2063705918579641,age_group,0.27894156367008127,ESTIMATED,0.03277111720120268,-0.006173530003371841,0.003952169054136673,age_group,0.30427261985813236,ESTIMATED,0.21032276091210078,9023,acti,scrf,7354.357142857143,600
0.282278957192943,0.2584581621641114,0.3102611817644133,sex,0.2852505973743082,ESTIMATED,0.0029716401813651983,0.036819793469171413,0.0004655649151209529,sex,0.2952779556332828,ESTIMATED,0.31072674667953426,9023,acti,scssl,5730.428571428571,600
0.19429577360076491,0.1942957736007649,0.1987904000917201,age_group,0.21122446691268598,ESTIMATED,0.016928693311921067,0.008997103199515522,0.003069239520670508,age_group,0.2032928768002804,ESTIMATED,0.20185963961239062,9023,acti,vs,5443.5,600
0.33481253392162735,0.358467850098483,0.2162259379114645,age_group,0.3403049931966822,ESTIMATED,0.005492459275054873,0.003446504324571442,0.004934637744736764,age_group,0.3619143544230544,ESTIMATED,0.22116057565620126,9023,acti,vsrev,6155.571428571429,600
0.28116185544986855,0.2811618554498685,0.3734164448683719,age_group,0.27208763527575397,ESTIMATED,-0.009074220174114578,-0.009074220174114522,0.005774686898908754,age_group,0.27208763527575397,ESTIMATED,0.37919113176728064,9023,adept,acti,5395.714285714286,600
0.3661914629164892,0.4287027819880495,0.3275148455828061,age_group,0.3214944810128215,ESTIMATED,-0.044696981903667665,-0.016841600388503852,0.002341183058167995,age_group,0.41186118159954566,ESTIMATED,0.3298560286409741,9023,adept,oak,6778.805357142856,600
0.3576706238383281,0.4375086577904454,0.3519926112035008,age_group,0.3609398310348827,ESTIMATED,0.003269207196554602,-0.0022178022729644753,0.001520251313229637,age_group,0.4352908555174809,ESTIMATED,0.3535128625167304,9023,adept,scrf,7354.357142857143,600
0.22802123026103308,0.2802200038319516,0.3153045872148338,age_group,0.24815247539023497,ESTIMATED,0.02013124512920189,-0.016162166209884032,0.001830133366746589,age_group,0.2640578376220676,ESTIMATED,0.3171347205815804,9023,adept,scssl,5730.428571428571,600
0.29527753949702384,0.4073782095239247,0.3331956212758588,age_group,0.2433562133098549,ESTIMATED,-0.05192132618716894,0.004199235774098975,0.004216695039063356,age_group,0.41157744529802365,ESTIMATED,0.33741231631492213,9023,adept,vs,5443.5,600
0.49079861914083606,0.5233363639163713,0.351861053676361,age_group,0.40755548548405834,ESTIMATED,-0.08324313365677771,0.005576045196881263,0.003943568003389408,age_group,0.5289124091132525,ESTIMATED,0.3558046216797504,9023,adept,vsrev,6155.571428571429,600
0.20912213104637115,0.21828043648797,0.1634915998897104,age_group,0.22349254289738538,ESTIMATED,0.014370411851014231,0.018333283481635015,0.004200861025793173,age_group,0.236613719969605,ESTIMATED,0.16769246091550358,9023,oak,acti,5395.714285714286,600
0.38018667175858045,0.4816716394564153,0.3581026933921893,sex,0.40115082041891104,ESTIMATED,0.020964148660330584,-0.033584445584382394,0.001700939365268328,age_group,0.4480871938720329,ESTIMATED,0.35980363275745764,9023,oak,adept,1891.8838008096018,600
0.13783053162632586,0.1415991606976205,0.1811426729218608,sex,0.15251878005988911,ESTIMATED,0.014688248433563256,0.017206435539324244,-0.00045202054597417995,sex,0.15880559623694473,ESTIMATED,0.1806906523758866,9023,oak,scrf,7354.357142857143,600
0.2829911635706426,0.3165864980088033,0.3059599124104593,sex,0.30036019448485785,ESTIMATED,0.017369030914215267,0.0003720952878843997,-0.0018861588580630917,sex,0.3169585932966877,ESTIMATED,0.3040737535523962,9023,oak,scssl,5730.428571428571,600
0.14856348962794919,0.204308053890385,0.1502622174699366,age_group,0.1373358113250362,ESTIMATED,-0.011227678302912991,0.0074039338041757274,0.001037085848866609,age_group,0.21171198769456073,ESTIMATED,0.1512993033188032,9023,oak,vs,5443.5,600
0.13804284951513046,0.1604602083282288,0.1389806653556481,bmi_group,0.15407940822208652,ESTIMATED,0.016036558706956056,-0.0031864365701919084,0.0020928588862864084,age_group,0.1572737717580369,ESTIMATED,0.1410735242419345,9023,oak,vsrev,6155.571428571429,600
0.15679692233909623,0.1682585402826935,0.2021691064963148,age_group,0.1834866654272447,ESTIMATED,0.026689743088148477,0.043870237700340126,0.00455853936215575,age_group,0.21212877798303362,ESTIMATED,0.20672764585847056,9023,scrf,acti,5395.714285714286,600
0.3339168180758487,0.3739261169847734,0.3676121899104267,bmi_group,0.28267403670040275,ESTIMATED,-0.05124278137544597,-0.017127490600369277,0.0012189667214487776,age_group,0.3567986263844041,ESTIMATED,0.3688311566318755,9023,scrf,adept,1891.8838008096018,600
0.1438656266992281,0.1466154357240069,0.1755568787165475,age_group,0.13295964426063786,ESTIMATED,-0.010905982438590228,-0.0056756122378760765,-7.219904844679714e-05,age_group,0.14093982348613082,ESTIMATED,0.1754846796681007,9023,scrf,oak,6778.805357142856,600
0.2774458589834389,0.3630843224955557,0.2414620542604605,age_group,0.287199517019183,ESTIMATED,0.009753658035744128,0.006410812082594752,0.0006397890586975208,age_group,0.3694951345781505,ESTIMATED,0.24210184331915802,9023,scrf,scssl,5730.428571428571,600
0.18660186659413164,0.1779732677987209,0.2144677715844188,bmi_group,0.15507931677380243,ESTIMATED,-0.031522549820329204,-0.02289395102491848,0.0025064089756630936,bmi_group,0.15507931677380243,ESTIMATED,0.2169741805600819,9023,scrf,vs,5443.5,600
0.19803862672700512,0.1921481987700832,0.2108664659354425,age_group,0.19212701635572757,ESTIMATED,-0.005911610371277548,0.0029884754473382402,0.002473646041640215,age_group,0.19513667421742145,ESTIMATED,0.21334011197708272,9023,scrf,vsrev,6155.571428571429,600
0.257018681496285,0.3580950250086858,0.3057816664696054,age_group,0.23898594018151317,ESTIMATED,-0.01803274131477181,-0.03085048512876387,0.002295860985903231,age_group,0.3272445398799219,ESTIMATED,0.30807752745550865,9023,scssl,acti,5395.714285714286,600
0.2845138312471127,0.2857749249864063,0.3261274768662308,age_group,0.27303037623934273,ESTIMATED,-0.011483455007769983,-0.00939753243535385,0.0018884983647731168,bmi_group,0.2763773925510524,ESTIMATED,0.3280159752310039,9023,scssl,adept,1891.8838008096018,600
0.4255068616907496,0.4781670635345681,0.2984547963945307,age_group,0.40471179398244733,ESTIMATED,-0.02079506770830225,-0.033171224475813665,-0.001757493449539571,age_group,0.44499583905875445,ESTIMATED,0.29669730294499114,9023,scssl,oak,6778.805357142856,600
0.3680332640571019,0.3870405615201681,0.2443137604394309,age_group,0.3419476689324103,ESTIMATED,-0.026085595124691607,0.0064049169698803254,-0.0006512986505089191,age_group,0.3934454784900484,ESTIMATED,0.24366246178892198,9023,scssl,scrf,7354.357142857143,600
0.36026236359374664,0.3602623635937466,0.2971598849578598,age_group,0.3559509109236118,ESTIMATED,-0.00431145267013483,-0.021544858145868373,0.00019229196751663347,age_group,0.3387175054478782,ESTIMATED,0.2973521769253764,9023,scssl,vs,5443.5,600
0.5438429511529679,0.5456361085266256,0.3312596287524038,age_group,0.525505345257958,ESTIMATED,-0.01833760589500988,-0.020130763268667584,-8.564150872314436e-05,age_group,0.525505345257958,ESTIMATED,0.33117398724368063,9023,scssl,vsrev,6155.571428571429,600
0.142756434563666,0.1598935139044835,0.2023656693876001,age_group,0.15221172857569767,ESTIMATED,0.009455294012031684,0.030791286879080754,0.003395732111700328,age_group,0.19068480078356426,ESTIMATED,0.20576140149930042,9023,vs,acti,5395.714285714286,600
0.38956791763269594,0.3895679176326959,0.3628797540400764,sex,0.3931128093932783,ESTIMATED,0.0035448917605823693,0.003544891760582425,0.0009024863937491245,sex,0.3931128093932783,ESTIMATED,0.3637822404338255,9023,vs,adept,1891.8838008096018,600
0.2032828063396666,0.2307854471955746,0.1503969249596241,age_group,0.2200853341746408,ESTIMATED,0.016802527834974185,-0.010700113020933794,-2.9698046623782837e-05,age_group,0.2200853341746408,ESTIMATED,0.1503672269130003,9023,vs,oak,6778.805357142856,600
0.2297599550548853,0.2626703391902109,0.2226053753491854,age_group,0.22987409844913212,ESTIMATED,0.00011414339424681286,0.026034227133085897,0.0017345151727895247,age_group,0.2887045663232968,ESTIMATED,0.22433989052197492,9023,vs,scrf,7354.357142857143,600
0.2923911684528875,0.3702310831805068,0.3058709803208403,sex,0.32421116022105423,ESTIMATED,0.031819991768166744,0.024294896429981117,-0.0009881934805965886,sex,0.3945259796104879,ESTIMATED,0.3048827868402437,9023,vs,scssl,5730.428571428571,600
0.228314892825898,0.2519394147372684,0.1251691158200241,age_group,0.23488449898206423,ESTIMATED,0.0065696061561662245,-0.013482285345404355,0.0020657534212626394,age_group,0.23845712939186403,ESTIMATED,0.12723486924128674,9023,vs,vsrev,6155.571428571429,600
0.24268822920412267,0.2830134855578993,0.217162154151524,age_group,0.27802864361897095,ESTIMATED,0.03534041441484828,0.022723783485937288,0.004947946856785734,age_group,0.3057372690438366,ESTIMATED,0.22211010100830975,9023,vsrev,acti,5395.714285714286,600
0.4100890233091278,0.5021847747843555,0.3761337539390134,sex,0.4075772330957658,ESTIMATED,-0.002511790213361953,-0.0946075416885897,0.0013989017282136085,sex,0.4075772330957658,ESTIMATED,0.377532655667227,9023,vsrev,adept,1891.8838008096018,600
0.12695634323636132,0.2132925563393987,0.1375325838439355,bmi_group,0.12348093110490442,ESTIMATED,-0.003475412131456898,-0.06983192523702927,0.0012018477964892416,age_group,0.14346063110236942,ESTIMATED,0.13873443164042473,9023,vsrev,oak,6778.805357142856,600
0.21480712354761716,0.2152130711973439,0.2175719541187634,sex,0.2746944247941738,ESTIMATED,0.05988730124655661,0.044311428382233675,0.0006602511600561911,sex,0.25952449957957757,ESTIMATED,0.2182322052788196,9023,vsrev,scrf,7354.357142857143,600
0.4020685113198904,0.4020685113198904,0.3380717011698635,sex,0.4380954315661637,ESTIMATED,0.0360269202462733,0.04386055537217404,-0.0007520570684761974,sex,0.44592906669206445,ESTIMATED,0.3373196441013873,9023,vsrev,scssl,5730.428571428571,600
0.19289048044129936,0.2450804794441582,0.1231412136127973,age_group,0.2018756077949383,ESTIMATED,0.008985127353638933,-0.0328691215780052,0.00194206832251205,age_group,0.212211357866153,ESTIMATED,0.12508328193530935,9023,vsrev,vs,5443.5,600
0.3302687017702774,0.326836552910744,0.402173852123114,sex,0.37932890911144806,ESTIMATED,0.04906020734117067,0.05249235620070408,0.0028493655105287785,sex,0.37932890911144806,ESTIMATED,0.4050232176336428,8936,acti,adept,1903.8577016473146,720
0.2382564572094381,0.2422376149418335,0.1621803430204026,age_group,0.2397512167082982,ESTIMATED,0.0014947594988600765,0.014562442695772448,0.0020658657821601145,age_group,0.25680005763760594,ESTIMATED,0.16424620880256272,8936,acti,oak,6804.306785714292,720
0.2461704464688786,0.3104461498615042,0.2063705918579641,age_group,0.25719515363651274,ESTIMATED,0.011024707167634151,-0.03282098529855165,0.0025242932256051287,age_group,0.27762516456295255,ESTIMATED,0.20889488508356924,8936,acti,scrf,7385.142857142857,720
0.282278957192943,0.2584581621641114,0.3102611817644133,sex,0.2758277130034379,ESTIMATED,-0.006451244189505101,0.01997720490321847,0.0003128640403774474,sex,0.27843536706732985,ESTIMATED,0.31057404580479075,8936,acti,scssl,5761.478571428571,720
0.19429577360076491,0.1942957736007649,0.1987904000917201,age_group,0.1979622883274798,ESTIMATED,0.0036665147267148923,0.006534675887472113,0.0028117066521543,age_group,0.200830449488237,ESTIMATED,0.2016021067438744,8936,acti,vs,5462.728571428571,720
0.33481253392162735,0.358467850098483,0.2162259379114645,age_group,0.32872673918552203,ESTIMATED,-0.006085794736105321,0.016575659304074675,0.002920747858793482,age_group,0.37504350940255765,ESTIMATED,0.21914668577025798,8936,acti,vsrev,6196.553571428571,720
0.28116185544986855,0.2811618554498685,0.3734164448683719,age_group,0.2694691877178961,ESTIMATED,-0.011692667731972473,-0.0287381991846396,0.0040250831797000175,age_group,0.2524236562652289,ESTIMATED,0.3774415280480719,8936,adept,acti,5419.6785714285725,720
0.3661914629164892,0.4287027819880495,0.3275148455828061,age_group,0.33790368249356856,ESTIMATED,-0.028287780422920628,-0.029585950376020742,0.002454998125993646,age_group,0.39911683161202877,ESTIMATED,0.3299698437087997,8936,adept,oak,6804.306785714292,720
0.3576706238383281,0.4375086577904454,0.3519926112035008,age_group,0.3431616852166593,ESTIMATED,-0.014508938621668799,0.006325619203372657,0.0015852746434060205,age_group,0.44383427699381806,ESTIMATED,0.3535778858469068,8936,adept,scrf,7385.142857142857,720
0.22802123026103308,0.2802200038319516,0.3153045872148338,age_group,0.23063103312364877,ESTIMATED,0.0026098028626156955,-0.02353602004425842,0.001451450482931882,age_group,0.2566839837876932,ESTIMATED,0.31675603769776567,8936,adept,scssl,5761.478571428571,720
0.29527753949702384,0.4073782095239247,0.3331956212758588,age_group,0.23520538702262786,ESTIMATED,-0.060072152474395984,-0.01119130981882882,0.004129536664442435,age_group,0.39618689970509585,ESTIMATED,0.3373251579403012,8936,adept,vs,5462.728571428571,720
0.49079861914083606,0.5233363639163713,0.351861053676361,age_group,0.40570615696066853,ESTIMATED,-0.08509246218016753,-0.001781690359821786,0.003471100402850258,age_group,0.5215546735565495,ESTIMATED,0.35533215407921126,8936,adept,vsrev,6196.553571428571,720
0.20912213104637115,0.21828043648797,0.1634915998897104,age_group,0.2201572224100734,ESTIMATED,0.01103509136370226,0.005615046850284716,0.0029185542385818664,age_group,0.2238954833382547,ESTIMATED,0.16641015412829227,8936,oak,acti,5419.6785714285725,720
0.38018667175858045,0.4816716394564153,0.3581026933921893,sex,0.39721580884464286,ESTIMATED,0.017029137086062407,-0.025289120921439923,0.0005770868732350443,age_group,0.45638251853497536,ESTIMATED,0.35867978026542435,8936,oak,adept,1903.8577016473146,720
0.13783053162632586,0.1415991606976205,0.1811426729218608,sex,0.15317819595159143,ESTIMATED,0.015347664325265575,0.005062389440885884,0.00015637367926968349,sex,0.14666155013850637,ESTIMATED,0.18129904660113047,8936,oak,scrf,7385.142857142857,720
0.2829911635706426,0.3165864980088033,0.3059599124104593,age_group,0.29481394497992935,ESTIMATED,0.011822781409286776,-0.01738157837793508,-0.001435588090023976,sex,0.2992049196308682,ESTIMATED,0.3045243243204353,8936,oak,scssl,5761.478571428571,720
0.14856348962794919,0.204308053890385,0.1502622174699366,age_group,0.13496368529227976,ESTIMATED,-0.01359980433566943,0.020247384476309915,0.0016305037365205444,age_group,0.22455543836669492,ESTIMATED,0.15189272120645714,8936,oak,vs,5462.728571428571,720
0.13804284951513046,0.1604602083282288,0.1389806653556481,bmi_group,0.14814781119283935,ESTIMATED,0.010104961677708885,-0.012312397135389452,0.0016804426329813382,bmi_group,0.14814781119283935,ESTIMATED,0.14066110798862944,8936,oak,vsrev,6196.553571428571,720
0.15679692233909623,0.1682585402826935,0.2021691064963148,age_group,0.17147182717360104,ESTIMATED,0.014674904834504815,0.008912265735896513,0.002686943709509393,age_group,0.17717080601859,ESTIMATED,0.2048560502058242,8936,scrf,acti,5419.6785714285725,720
0.3339168180758487,0.3739261169847734,0.3676121899104267,bmi_group,0.32770540532564996,ESTIMATED,-0.006211412750198764,-0.047485672814051305,0.00015660744222351086,age_group,0.3264404441707221,ESTIMATED,0.3677687973526502,8936,scrf,adept,1903.8577016473146,720
0.1438656266992281,0.1466154357240069,0.1755568787165475,bmi_group,0.14071260815142328,ESTIMATED,-0.003153018547804809,-1.733112569363149e-05,-8.029073334314685e-05,bmi_group,0.14659810459831327,ESTIMATED,0.17547658798320434,8936,scrf,oak,6804.306785714292,720
0.2774458589834389,0.3630843224955557,0.2414620542604605,age_group,0.2938102343107198,ESTIMATED,0.01636437532728091,0.0203093533591282,0.0008467393433203574,age_group,0.3833936758546839,ESTIMATED,0.24230879360378085,8936,scrf,scssl,5761.478571428571,720
0.18660186659413164,0.1779732677987209,0.2144677715844188,bmi_group,0.16390584153556442,ESTIMATED,-0.022696025058567215,-0.017553413949301405,0.0021474149510394835,bmi_group,0.1604198538494195,ESTIMATED,0.21661518653545828,8936,scrf,vs,5462.728571428571,720
0.19803862672700512,0.1921481987700832,0.2108664659354425,age_group,0.19109789613693007,ESTIMATED,-0.0069407305900750504,-0.001050302633153144,0.001477461350647108,age_group,0.19109789613693007,ESTIMATED,0.2123439272860896,8936,scrf,vsrev,6196.553571428571,720
0.257018681496285,0.3580950250086858,0.3057816664696054,age_group,0.2420603475764131,ESTIMATED,-0.014958333919871891,-0.027785741362685912,0.0014837495147927982,age_group,0.3303092836459999,ESTIMATED,0.3072654159843982,8936,scssl,acti,5419.6785714285725,720
0.2845138312471127,0.2857749249864063,0.3261274768662308,age_group,0.280476908477977,ESTIMATED,-0.004036922769135698,-0.00529801650842926,0.0004044341686732511,age_group,0.280476908477977,ESTIMATED,0.32653191103490403,8936,scssl,adept,1903.8577016473146,720
0.4255068616907496,0.4781670635345681,0.2984547963945307,age_group,0.4001308947316512,ESTIMATED,-0.025375966959098384,-0.02276018878960573,-0.0004726689906316972,age_group,0.4554068747449624,ESTIMATED,0.297982127403899,8936,scssl,oak,6804.306785714292,720
0.3680332640571019,0.3870405615201681,0.2443137604394309,age_group,0.3492590505727076,ESTIMATED,-0.018774213484394286,0.001707431764991274,0.0007406163315468173,age_group,0.38874799328515935,ESTIMATED,0.24505437677097772,8936,scssl,scrf,7385.142857142857,720
0.36026236359374664,0.3602623635937466,0.2971598849578598,age_group,0.34102083787269016,ESTIMATED,-0.019241525721056474,-0.019840417471661154,0.00096814827622832,age_group,0.34042194612208543,ESTIMATED,0.2981280332340881,8936,scssl,vs,5462.728571428571,720
0.5438429511529679,0.5456361085266256,0.3312596287524038,age_group,0.5073069992590694,ESTIMATED,-0.036535951893898466,-0.03832910926755617,0.0005144778485210444,age_group,0.5073069992590694,ESTIMATED,0.3317741066009248,8936,scssl,vsrev,6196.553571428571,720
0.142756434563666,0.1598935139044835,0.2023656693876001,age_group,0.13604635025119927,ESTIMATED,-0.006710084312466724,0.013444751337275629,0.002695895872531745,age_group,0.17333826524175913,ESTIMATED,0.20506156526013183,8936,vs,acti,5419.6785714285725,720
0.38956791763269594,0.3895679176326959,0.3628797540400764,sex,0.36983160737924686,ESTIMATED,-0.019736310253449074,0.011859918158277083,0.0013896834185463947,sex,0.40142783579097296,ESTIMATED,0.3642694374586228,8936,vs,adept,1903.8577016473146,720
0.2032828063396666,0.2307854471955746,0.1503969249596241,age_group,0.20565667103852808,ESTIMATED,0.002373864698861472,-0.012417388140771618,0.00043768016589959546,age_group,0.21836805905480297,ESTIMATED,0.15083460512552369,8936,vs,oak,6804.306785714292,720
0.2297599550548853,0.2626703391902109,0.2226053753491854,age_group,0.22515690092458196,ESTIMATED,-0.004603054130303347,-0.002801011545813137,0.0019299498701284556,age_group,0.25986932764439774,ESTIMATED,0.22453532521931385,8936,vs,scrf,7385.142857142857,720
0.2923911684528875,0.3702310831805068,0.3058709803208403,sex,0.32680350532985014,ESTIMATED,0.03441233687696266,-0.02220503451213801,0.00012748318386357482,sex,0.3480260486683688,ESTIMATED,0.3059984635047039,8936,vs,scssl,5761.478571428571,720
0.228314892825898,0.2519394147372684,0.1251691158200241,age_group,0.23214203984505455,ESTIMATED,0.0038271470191565404,-0.003849758311295831,0.0013490735758081018,age_group,0.24808965642597255,ESTIMATED,0.1265181893958322,8936,vs,vsrev,6196.553571428571,720
0.24268822920412267,0.2830134855578993,0.217162154151524,age_group,0.24704981625601638,ESTIMATED,0.004361587051893712,0.006704341663208824,0.0034209326350145286,age_group,0.2897178272211081,ESTIMATED,0.22058308678653854,8936,vsrev,acti,5419.6785714285725,720
0.4100890233091278,0.5021847747843555,0.3761337539390134,sex,0.41329620339725887,ESTIMATED,0.0032071800881310897,-0.07502823587782165,0.0008453581175111857,sex,0.4271565389065339,ESTIMATED,0.37697911205652457,8936,vsrev,adept,1903.8577016473146,720
0.12695634323636132,0.2132925563393987,0.1375325838439355,bmi_group,0.11622070363556014,ESTIMATED,-0.010735639600801178,-0.04824620332701646,0.001284144553288069,age_group,0.16504635301238224,ESTIMATED,0.13881672839722356,8936,vsrev,oak,6804.306785714292,720
0.21480712354761716,0.2152130711973439,0.2175719541187634,sex,0.27648564986019064,ESTIMATED,0.06167852631257348,0.061272578662846744,0.0011671558469630583,sex,0.27648564986019064,ESTIMATED,0.21873910996572646,8936,vsrev,scrf,7385.142857142857,720
0.4020685113198904,0.4020685113198904,0.3380717011698635,sex,0.4235065719988576,ESTIMATED,0.021438060678967197,0.021438060678967197,-0.0006557128774393184,sex,0.4235065719988576,ESTIMATED,0.3374159882924242,8936,vsrev,scssl,5761.478571428571,720
0.19289048044129936,0.2450804794441582,0.1231412136127973,age_group,0.20910489960110737,ESTIMATED,0.016214419159808008,-0.02211457056360125,0.002082921444187938,age_group,0.22296590888055695,ESTIMATED,0.12522413505698524,8936,vsrev,vs,5462.728571428571,720
0.3302687017702774,0.326836552910744,0.402173852123114,sex,0.3577460519363874,ESTIMATED,0.027477350166110026,0.011658674694258853,0.00938205157941363,bmi_group,0.33849522760500284,ESTIMATED,0.41155590370252765,8066,acti,adept,1920.8025967259646,1296
0.2382564572094381,0.2422376149418335,0.1621803430204026,age_group,0.24697850891547704,ESTIMATED,0.00872205170603893,0.009221585444442848,0.00257734596081835,age_group,0.25145920038627634,ESTIMATED,0.16475768898122095,8066,acti,oak,6848.80119047619,1296
0.2461704464688786,0.3104461498615042,0.2063705918579641,age_group,0.2550032603374674,ESTIMATED,0.008832813868588807,0.06520799994870619,0.003987412124909079,age_group,0.3756541498102104,ESTIMATED,0.2103580039828732,8066,acti,scrf,7470.914285714287,1296
0.282278957192943,0.2584581621641114,0.3102611817644133,sex,0.2638060474762737,ESTIMATED,-0.018472909716669317,0.0329734576939163,0.002899282915758361,sex,0.2914316198580277,ESTIMATED,0.31316046468017167,8066,acti,scssl,5870.232142857143,1296
0.19429577360076491,0.1942957736007649,0.1987904000917201,age_group,0.192623057793331,ESTIMATED,-0.0016727158074339166,0.009633248499540975,0.00524128878257793,age_group,0.20392902210030586,ESTIMATED,0.20403168887429804,8066,acti,vs,5537.28869047619,1296
0.33481253392162735,0.358467850098483,0.2162259379114645,age_group,0.3405438298511206,ESTIMATED,0.00573129592949323,-0.005933664561743601,0.003996834005445871,age_group,0.3525341855367394,ESTIMATED,0.22022277191691036,8066,acti,vsrev,6261.308333333334,1296
0.28116185544986855,0.2811618554498685,0.3734164448683719,age_group,0.34238764572577335,ESTIMATED,0.0612257902759048,0.06122579027590486,0.005360541066396052,age_group,0.34238764572577335,ESTIMATED,0.37877698593476794,8066,adept,acti,5457.651785714284,1296
0.3661914629164892,0.4287027819880495,0.3275148455828061,age_group,0.4734875017997888,ESTIMATED,0.10729603888329964,0.044784719811739315,0.007445762625162555,age_group,0.4734875017997888,ESTIMATED,0.33496060820796864,8066,adept,oak,6848.80119047619,1296
0.3576706238383281,0.4375086577904454,0.3519926112035008,age_group,0.5221004049360196,ESTIMATED,0.16442978109769152,0.08459174714557421,0.00722178162032977,age_group,0.5221004049360196,ESTIMATED,0.35921439282383055,8066,adept,scrf,7470.914285714287,1296
0.22802123026103308,0.2802200038319516,0.3153045872148338,age_group,0.26152125874928,ESTIMATED,0.03350002848824693,0.014392850487805975,0.002526945660921265,age_group,0.2946128543197576,ESTIMATED,0.31783153287575505,8066,adept,scssl,5870.232142857143,1296
0.29527753949702384,0.4073782095239247,0.3331956212758588,age_group,0.43069847965044916,ESTIMATED,0.13542094015342532,0.02332027012652449,0.008498855402093941,age_group,0.43069847965044916,ESTIMATED,0.3416944766779527,8066,adept,vs,5537.28869047619,1296
0.49079861914083606,0.5233363639163713,0.351861053676361,age_group,0.562869029112494,ESTIMATED,0.07207040997165798,0.03953266519612275,0.010226518495888515,age_group,0.562869029112494,ESTIMATED,0.3620875721722495,8066,adept,vsrev,6261.308333333334,1296
0.20912213104637115,0.21828043648797,0.1634915998897104,age_group,0.2023560456467228,ESTIMATED,-0.006766085399648347,0.015559018735342184,0.0015469542670881464,age_group,0.23383945522331218,ESTIMATED,0.16503855415679855,8066,oak,acti,5457.651785714284,1296
0.38018667175858045,0.4816716394564153,0.3581026933921893,sex,0.4017284479947417,ESTIMATED,0.02154177623616127,0.010665774332829392,0.008153131958278936,age_group,0.49233741378924467,ESTIMATED,0.36625582535046824,8066,oak,adept,1920.8025967259646,1296
0.13783053162632586,0.1415991606976205,0.1811426729218608,sex,0.14433620900043553,ESTIMATED,0.006505677374109675,0.0055901147800449524,0.00421566829337261,sex,0.14718927547766544,ESTIMATED,0.1853583412152334,8066,oak,scrf,7470.914285714287,1296
0.2829911635706426,0.3165864980088033,0.3059599124104593,age_group,0.3007722416577357,ESTIMATED,0.017781078087093116,-0.007428618962610767,0.0019535577197422604,sex,0.3091578790461925,ESTIMATED,0.30791347013020154,8066,oak,scssl,5870.232142857143,1296
0.14856348962794919,0.204308053890385,0.1502622174699366,bmi_group,0.12428822364200919,ESTIMATED,-0.02427526598594,0.008065014577079255,0.005150496807487803,age_group,0.21237306846746426,ESTIMATED,0.1554127142774244,8066,oak,vs,5537.28869047619,1296
0.13804284951513046,0.1604602083282288,0.1389806653556481,bmi_group,0.13959522448100903,ESTIMATED,0.0015523749658785668,-0.00400712537615755,0.005075789748583165,age_group,0.15645308295207125,ESTIMATED,0.14405645510423126,8066,oak,vsrev,6261.308333333334,1296
0.15679692233909623,0.1682585402826935,0.2021691064963148,age_group,0.15894394004419746,ESTIMATED,0.0021470177051012285,0.011895470223525634,0.00296773791956198,age_group,0.18015401050621913,ESTIMATED,0.2051368444158768,8066,scrf,acti,5457.651785714284,1296
0.3339168180758487,0.3739261169847734,0.3676121899104267,age_group,0.2626304941918252,ESTIMATED,-0.0712863238840235,0.04249264489628585,0.009033834500248417,sex,0.41641876188105925,ESTIMATED,0.37664602441067513,8066,scrf,adept,1920.8025967259646,1296
0.1438656266992281,0.1466154357240069,0.1755568787165475,age_group,0.1471238884676228,ESTIMATED,0.0032582617683947213,0.00267295574493176,0.004241990595352851,sex,0.14928839146893866,ESTIMATED,0.17979886931190034,8066,scrf,oak,6848.80119047619,1296
0.2774458589834389,0.3630843224955557,0.2414620542604605,age_group,0.291001885132658,ESTIMATED,0.013556026149219136,-0.0362735330402833,0.0023875282598702086,age_group,0.3268107894552724,ESTIMATED,0.2438495825203307,8066,scrf,scssl,5870.232142857143,1296
0.18660186659413164,0.1779732677987209,0.2144677715844188,bmi_group,0.17845193014153005,ESTIMATED,-0.008149936452601592,0.026346484078655336,0.005103724130840093,age_group,0.20431975187737625,ESTIMATED,0.21957149571525889,8066,scrf,vs,5537.28869047619,1296
0.19803862672700512,0.1921481987700832,0.2108664659354425,age_group,0.24018266239881694,ESTIMATED,0.042144035671811825,0.03502710287265323,0.006681258986155347,age_group,0.22717530164273644,ESTIMATED,0.21754772492159785,8066,scrf,vsrev,6261.308333333334,1296
0.257018681496285,0.3580950250086858,0.3057816664696054,age_group,0.2680187596100221,ESTIMATED,0.0110000781137371,-0.05151084358560648,0.004950941327944269,age_group,0.3065841814230793,ESTIMATED,0.3107326077975497,8066,scssl,acti,5457.651785714284,1296
0.2845138312471127,0.2857749249864063,0.3261274768662308,age_group,0.29448340040822885,ESTIMATED,0.009969569161116132,-0.010085954939276387,0.007961633212120678,age_group,0.2756889700471299,ESTIMATED,0.33408911007835146,8066,scssl,adept,1920.8025967259646,1296
0.4255068616907496,0.4781670635345681,0.2984547963945307,age_group,0.4152142835320028,ESTIMATED,-0.01029257815874679,-0.021179620920305176,0.006251797529695846,age_group,0.45698744261426294,ESTIMATED,0.30470659392422655,8066,scssl,oak,6848.80119047619,1296
0.3680332640571019,0.3870405615201681,0.2443137604394309,age_group,0.36109890469362277,ESTIMATED,-0.006934359363479137,0.02178769056734009,0.003643100867916027,age_group,0.40882825208750817,ESTIMATED,0.24795686130734693,8066,scssl,scrf,7470.914285714287,1296
0.36026236359374664,0.3602623635937466,0.2971598849578598,age_group,0.3858917444198765,ESTIMATED,0.025629380826129866,0.009240405989960343,0.007184337378143002,age_group,0.3695027695837069,ESTIMATED,0.3043442223360028,8066,scssl,vs,5537.28869047619,1296
0.5438429511529679,0.5456361085266256,0.3312596287524038,age_group,0.5143656057143261,ESTIMATED,-0.029477345438641778,-0.021046106590967728,0.00936729650437862,age_group,0.5245900019356579,ESTIMATED,0.3406269252567824,8066,scssl,vsrev,6261.308333333334,1296
0.142756434563666,0.1598935139044835,0.2023656693876001,bmi_group,0.14732892686700325,ESTIMATED,0.0045724923033372555,0.016847235278665745,0.00475914477322717,age_group,0.17674074918314925,ESTIMATED,0.20712481416082726,8066,vs,acti,5457.651785714284,1296
0.38956791763269594,0.3895679176326959,0.3628797540400764,sex,0.39000100832344053,ESTIMATED,0.0004330906907445975,0.05928840764389576,0.009755464757645771,sex,0.44885632527659164,ESTIMATED,0.37263521879772216,8066,vs,adept,1920.8025967259646,1296
0.2032828063396666,0.2307854471955746,0.1503969249596241,age_group,0.183764110697575,ESTIMATED,-0.019518695642091605,-0.02213395885058958,0.005032354163616692,age_group,0.208651488344985,ESTIMATED,0.15542927912324078,8066,vs,oak,6848.80119047619,1296
0.2297599550548853,0.2626703391902109,0.2226053753491854,age_group,0.2402835625699702,ESTIMATED,0.010523607515084882,0.018041230498903993,0.005832909229564337,age_group,0.28071156968911487,ESTIMATED,0.22843828457874973,8066,vs,scrf,7470.914285714287,1296
0.2923911684528875,0.3702310831805068,0.3058709803208403,sex,0.2834756332280436,ESTIMATED,-0.008915535224843896,-0.0074368375746785564,0.0035541769149792235,sex,0.36279424560582824,ESTIMATED,0.30942515723581954,8066,vs,scssl,5870.232142857143,1296
0.228314892825898,0.2519394147372684,0.1251691158200241,age_group,0.22315548879077596,ESTIMATED,-0.0051594040351220505,-0.021780443713692615,0.0036616407758923164,age_group,0.23015897102357577,ESTIMATED,0.12883075659591642,8066,vs,vsrev,6261.308333333334,1296
0.24268822920412267,0.2830134855578993,0.217162154151524,age_group,0.23900344061203635,ESTIMATED,-0.003684788592086319,-0.013669205422005726,0.002372510760019153,age_group,0.26934428013589357,ESTIMATED,0.21953466491154316,8066,vsrev,acti,5457.651785714284,1296
0.4100890233091278,0.5021847747843555,0.3761337539390134,sex,0.3585586861373002,ESTIMATED,-0.05153033717182759,-0.09993850360719314,0.00984448430575352,age_group,0.4022462711771624,ESTIMATED,0.3859782382447669,8066,vsrev,adept,1920.8025967259646,1296
0.12695634323636132,0.2132925563393987,0.1375325838439355,bmi_group,0.14942868932218875,ESTIMATED,0.022472346085827433,-0.05546994035498848,0.003955397344481193,age_group,0.15782261598441022,ESTIMATED,0.14148798118841668,8066,vsrev,oak,6848.80119047619,1296
0.21480712354761716,0.2152130711973439,0.2175719541187634,bmi_group,0.22953739476837215,ESTIMATED,0.014730271220754987,0.014324323571028252,0.004861694482919038,bmi_group,0.22953739476837215,ESTIMATED,0.22243364860168244,8066,vsrev,scrf,7470.914285714287,1296
0.4020685113198904,0.4020685113198904,0.3380717011698635,sex,0.35359583282983587,ESTIMATED,-0.048472678490054544,-0.048472678490054544,0.003399780864676738,sex,0.35359583282983587,ESTIMATED,0.34147148203454025,8066,vsrev,scssl,5870.232142857143,1296
0.19289048044129936,0.2450804794441582,0.1231412136127973,age_group,0.17929057441798177,ESTIMATED,-0.013599906023317593,0.04627230474139751,0.0025066556697111025,age_group,0.2913527841855557,ESTIMATED,0.1256478692825084,8066,vsrev,vs,5537.28869047619,1296
